entry,reference
your-mail.com,Unknown
yepmail.net,Unknown
xwaretech.tk,Unknown
xwaretech.info,Unknown
xwaretech.com,Unknown
xsmail.com,Unknown
xoxy.net,Unknown
workmail.com,Unknown
worker.com,Unknown
websurfer.co.za,Unknown
webname.com,Unknown
warpmail.net,Unknown
waifu.club,Unknown
veryspeedy.net,Unknown
veryfast.biz,Unknown
umpire.com,Unknown
tweakly.net,Unknown
tvstar.com,Unknown
transunionsapps.com,Unknown
torontomail.com,Unknown
toothfairy.com,Unknown
toke.com,Unknown
tmxnet.com,Unknown
therugby.co.za,Unknown
therapist.net,Unknown
theplate.com,Unknown
theinternetemail.com,Unknown
thegolf.co.za,Unknown
thecricket.co.za,Unknown
the-quickest.com,Unknown
the-fastest.net,Unknown
tfwno.gf,Unknown
technologist.com,Unknown
tech-center.com,Unknown
teachers.org,Unknown
swissmail.com,Unknown
swift-mail.com,Unknown
swedenmail.com,Unknown
surgical.net,Unknown
ssl-mail.com,Unknown
squaremkgt.com,Unknown
speedymail.org,Unknown
speedpost.net,Unknown
spamgourmet.org,Unknown
spamgourmet.net,Unknown
spamcannon.net,Unknown
spamcannon.com,Unknown
spainmail.com,Unknown
songwriter.net,Unknown
solution4u.com,Unknown
sociologist.com,Unknown
socialworker.net,Unknown
snkml.com,Unknown
snkmail.com,Unknown
snakebite.com,Unknown
slmail.me,Unknown
slack-mail.com,Unknown
simplelogin.fr,Unknown
signup.aws,Unknown
shitware.nl,Unknown
shitposting.agency,Unknown
sent.at,Unknown
sent.as,Unknown
secretary.net,Unknown
scotlandmail.com,Unknown
sanfranmail.com,Unknown
samerica.com,Unknown
salesperson.net,Unknown
salesforcedevs.com,Unknown
saintly.com,Unknown
safrica.com,Unknown
rushpost.com,Unknown
ruffrey.com,Unknown
rocketship.com,Unknown
rescueteam.com,Unknown
representative.com,Unknown
repairman.com,Unknown
religious.com,Unknown
reincarnate.com,Unknown
registerednurses.com,Unknown
reggaefan.com,Unknown
redchan.it,Unknown
recursor.net,Unknown
reborn.com,Unknown
realtyagent.com,Unknown
reallyfast.info,Unknown
reallyfast.biz,Unknown
realemail.net,Unknown
ravemail.com,Unknown
radiologist.net,Unknown
qualityservice.com,Unknown
purple.dev,Unknown
publicist.com,Unknown
protestant.com,Unknown
promessage.com,Unknown
proinbox.com,Unknown
programmer.net,Unknown
priest.com,Unknown
presidency.com,Unknown
postpro.net,Unknown
politician.com,Unknown
polandmail.com,Unknown
planetmail.net,Unknown
planetmail.com,Unknown
physicist.net,Unknown
photographer.net,Unknown
petml.com,Unknown
petlover.com,Unknown
personalhealthmessagecenter.com,Unknown
pediatrician.com,Unknown
pacificwest.com,Unknown
pacific-ocean.com,Unknown
ownmail.net,Unknown
orthodontist.net,Unknown
optummessenger.com,Unknown
optician.com,Unknown
nycmail.com,Unknown
nospammail.net,Unknown
nonpartisan.com,Unknown
ninfan.com,Unknown
nigge.rs,Unknown
neverbox.com,Unknown
net-shopping.com,Unknown
neocertified.com,Unknown
mymacmail.com,Unknown
myfastmail.com,Unknown
muslim.com,Unknown
musician.org,Unknown
munich.com,Unknown
moscowmail.com,Unknown
ml1.net,Unknown
minister.com,Unknown
microsoftsupport.com,Unknown
mexicomail.com,Unknown
metalfan.com,Unknown
memeware.net,Unknown
matiries.com,Unknown
mailworks.org,Unknown
mailup.net,Unknown
mailservice.ms,Unknown
mailsent.net,Unknown
mailnew.com,Unknown
mailmight.com,Unknown
mailite.com,Unknown
mailingaddress.org,Unknown
mailhaven.com,Unknown
mailftp.com,Unknown
mailforce.net,Unknown
mailcan.com,Unknown
mailc.net,Unknown
mailbolt.com,Unknown
mailas.com,Unknown
mailandftp.com,Unknown
mail-page.com,Unknown
mail-me.com,Unknown
mail-central.com,Unknown
madonnafan.com,Unknown
lycos.at,Unknown
lobbyist.com,Unknown
liamekaens.com,Unknown
letterboxes.org,Unknown
lendscape.com,Unknown
legislator.com,Unknown
koreamail.com,Unknown
kissfans.com,Unknown
kennedy808.com,Unknown
justemail.net,Unknown
journalist.com,Unknown
job4u.com,Unknown
jetemail.net,Unknown
italymail.com,Unknown
israelmail.com,Unknown
irelandmail.com,Unknown
internetmailing.net,Unknown
internetemails.net,Unknown
internet-mail.org,Unknown
internet-e-mail.com,Unknown
insurer.com,Unknown
instructor.net,Unknown
instruction.com,Unknown
inoutbox.com,Unknown
inorbit.com,Unknown
innocent.com,Unknown
imapmail.org,Unknown
imap.cc,Unknown
imap-mail.com,Unknown
hushmail.me,Unknown
hush.ai,Unknown
housemail.com,Unknown
hot-shot.com,Unknown
homemail.com,Unknown
hitler.rocks,Unknown
hiphopfan.com,Unknown
hilarious.com,Unknown
hairdresser.net,Unknown
hailmail.net,Unknown
hackermail.com,Unknown
h-mail.us,Unknown
groupmail.com,Unknown
greenmail.net,Unknown
graphic-designer.com,Unknown
graduate.org,Unknown
goat.si,Unknown
getbackinthe.kitchen,Unknown
germanymail.com,Unknown
geologist.com,Unknown
gardener.com,Unknown
galaxyhit.com,Unknown
ftml.net,Unknown
foxitsign.com,Unknown
fmguy.com,Unknown
fmgirl.com,Unknown
fmailbox.com,Unknown
fmail.co.uk,Unknown
fireman.net,Unknown
firemail.cc,Unknown
financier.com,Unknown
file-up.fr,Unknown
feedspotmailer.com,Unknown
fea.st,Unknown
fastservice.com,Unknown
fastmessaging.com,Unknown
fastmailbox.net,Unknown
fastmail.uk,Unknown
fastmail.tw,Unknown
fastmail.to,Unknown
fastmail.se,Unknown
fastmail.mx,Unknown
fastmail.in,Unknown
fastmail.im,Unknown
fastmail.es,Unknown
fastmail.cn,Unknown
fastimap.com,Unknown
fastest.cc,Unknown
fastemailer.com,Unknown
fastemail.us,Unknown
fastem.com,Unknown
fast-mail.org,Unknown
fast-email.com,Unknown
f-m.fm,Unknown
execs.com,Unknown
europemail.com,Unknown
englandmail.com,Unknown
empiresuite.com,Unknown
emailuser.net,Unknown
emailplus.org,Unknown
emailgroups.net,Unknown
emailengine.org,Unknown
emailengine.net,Unknown
emailcorner.net,Unknown
emailconed.com,Unknown
elvisfan.com,Unknown
elitemail.org,Unknown
elementum.io,Unknown
dutchmail.com,Unknown
drifttmail.com,Unknown
doglover.com,Unknown
disposable.com,Unknown
discofan.com,Unknown
disciples.com,Unknown
diplomats.com,Unknown
dicksinmyan.us,Unknown
dicksinhisan.us,Unknown
dfgh.net,Unknown
depconfirm.com,Unknown
deliveryman.com,Unknown
deity.co.nz,Unknown
dallasmail.com,Unknown
cyberservices.com,Unknown
cybergal.com,Unknown
cyberdude.com,Unknown
cyber-wizard.com,Unknown
cutey.com,Unknown
cumallover.me,Unknown
counsellor.com,Unknown
coolsite.net,Unknown
comic.com,Unknown
columnist.com,Unknown
collector.org,Unknown
cock.lu,Unknown
cock.email,Unknown
cluemail.com,Unknown
clubmember.org,Unknown
cloudlabsai.net,Unknown
chinamail.com,Unknown
chemist.com,Unknown
chef.net,Unknown
cbamboo.com,Unknown
catlover.com,Unknown
cash4u.com,Unknown
cardalert.com,Unknown
californiamail.com,Unknown
bsdmail.com,Unknown
brew-meister.com,Unknown
brew-master.com,Unknown
brazilmail.com,Unknown
brainonfire.net,Unknown
blader.com,Unknown
birdlover.com,Unknown
bikerider.com,Unknown
bestmail.us,Unknown
bellair.net,Unknown
bbvauk.com,Unknown
bbva.fr,Unknown
bbva.be,Unknown
bartender.net,Unknown
australiamail.com,Unknown
auctioneer.net,Unknown
atheist.com,Unknown
asia-mail.com,Unknown
artlover.com,Unknown
appraiser.net,Unknown
antichef.net,Unknown
antichef.com,Unknown
angelic.com,Unknown
alumni.com,Unknown
allmail.net,Unknown
allergist.com,Unknown
aircraftmail.com,Unknown
africamail.com,Unknown
adobe-presents.com,Unknown
adexec.com,Unknown
activist.com,Unknown
acdcfan.com,Unknown
accountant.com,Unknown
aaathats3as.com,Unknown
8chan.co,Unknown
8alias.com,Unknown
50mail.com,Unknown
4email.net,Unknown
420blaze.it,Unknown
2trom.com,Unknown
2-mail.com,Unknown
16mail.com,Unknown
150ml.com,Unknown
150mail.com,Unknown
