index	module_name	file_name	status
0	__main__	module_0000___main.py	ok
1	c	module_0001_c.py	ok
2	uOpenGL.GL.ARB.vboimplementation	module_0002_uOpenGL_GL_ARB_vboimplementation.py	ok
3	uOpenGL.GL.feedback	module_0003_uOpenGL_GL_feedback.py	ok
4	uOpenGL.GL.images	module_0004_uOpenGL_GL_images.py	ok
5	uOpenGL.GL.selection	module_0005_uOpenGL_GL_selection.py	ok
6	uOpenGL.GL.shaders	module_0006_uOpenGL_GL_shaders.py	ok
7	uOpenGL.GL.vboimplementation	module_0007_uOpenGL_GL_vboimplementation.py	ok
8	uOpenGL.GLE.exceptional	module_0008_uOpenGL_GLE_exceptional.py	ok
9	uOpenGL.GLES2.shaders	module_0009_uOpenGL_GLES2_shaders.py	ok
10	uOpenGL.GLES2.vboimplementation	module_0010_uOpenGL_GLES2_vboimplementation.py	ok
11	uOpenGL.GLES3.vboimplementation	module_0011_uOpenGL_GLES3_vboimplementation.py	ok
12	uOpenGL.GLU.glunurbs	module_0012_uOpenGL_GLU_glunurbs.py	ok
13	uOpenGL.GLU.glustruct	module_0013_uOpenGL_GLU_glustruct.py	ok
14	uOpenGL.GLU.quadrics	module_0014_uOpenGL_GLU_quadrics.py	ok
15	uOpenGL.GLU.tess	module_0015_uOpenGL_GLU_tess.py	ok
16	u<metaclass>	module_0016_u_metaclass.py	ok
17	uOpenGL.Tk	module_0017_uOpenGL_Tk.py	ok
18	uOpenGL.arrays._buffers	module_0018_uOpenGL_arrays__buffers.py	ok
19	uNo array-type handler for type %s.%s (value: %s) registered	module_0019_uNo_array_type_handler_for_type_s_s_value_s_registered.py	ok
20	uOpenGL.arrays.arrayhelpers	module_0020_uOpenGL_arrays_arrayhelpers.py	ok
21	uOpenGL.arrays.buffers	module_0021_uOpenGL_arrays_buffers.py	ok
22	uOpenGL.arrays.ctypesarrays	module_0022_uOpenGL_arrays_ctypesarrays.py	ok
23	uOpenGL.arrays.ctypesparameters	module_0023_uOpenGL_arrays_ctypesparameters.py	ok
24	uOpenGL.arrays.ctypespointers	module_0024_uOpenGL_arrays_ctypespointers.py	ok
25	u%s.%s	module_0025_u_s_s.py	ok
26	uOpenGL.arrays.lists	module_0026_uOpenGL_arrays_lists.py	ok
27	uOpenGL.arrays.nones	module_0027_uOpenGL_arrays_nones.py	ok
28	uOpenGL.arrays.numbers	module_0028_uOpenGL_arrays_numbers.py	ok
29	uOpenGL.arrays.numpybuffers	module_0029_uOpenGL_arrays_numpybuffers.py	ok
30	uOpenGL.arrays.numpymodule	module_0030_uOpenGL_arrays_numpymodule.py	ok
31	uOpenGL.arrays.strings	module_0031_uOpenGL_arrays_strings.py	ok
32	uOpenGL.arrays.vbo	module_0032_uOpenGL_arrays_vbo.py	ok
33	f_globals	module_0033_f_globals.py	ok
34	uOpenGL.converters	module_0034_uOpenGL_converters.py	ok
35	uOpenGL.error	module_0035_uOpenGL_error.py	ok
36	uOpenGL.latebind	module_0036_uOpenGL_latebind.py	ok
37	uOpenGL.lazywrapper	module_0037_uOpenGL_lazywrapper.py	ok
38	uOpenGL.logs	module_0038_uOpenGL_logs.py	ok
39	a_find_module	module_0039_a_find_module.py	ok
40	aGL	module_0040_aGL.py	ok
41	uOpenGL.platform.darwin	module_0041_uOpenGL_platform_darwin.py	ok
42	uOpenGL.platform.egl	module_0042_uOpenGL_platform_egl.py	ok
43	uOpenGL.platform.glx	module_0043_uOpenGL_platform_glx.py	ok
44	uOpenGL.platform.osmesa	module_0044_uOpenGL_platform_osmesa.py	ok
45	uOpenGL.platform.win32	module_0045_uOpenGL_platform_win32.py	ok
46	uOpenGL.raw.EGL._errors	module_0046_uOpenGL_raw_EGL__errors.py	ok
47	uOpenGL.raw.EGL._types	module_0047_uOpenGL_raw_EGL__types.py	ok
48	uOpenGL.raw.GL._lookupint	module_0048_uOpenGL_raw_GL__lookupint.py	ok
49	uOpenGL.raw.GL._types	module_0049_uOpenGL_raw_GL__types.py	ok
50	uOpenGL.raw.GLU	module_0050_uOpenGL_raw_GLU.py	ok
51	uOpenGL.raw.GLUT	module_0051_uOpenGL_raw_GLUT.py	ok
52	uOpenGL.raw.GLX._types	module_0052_uOpenGL_raw_GLX__types.py	ok
53	uOpenGL.raw.WGL._types	module_0053_uOpenGL_raw_WGL__types.py	ok
54	uOpenGL.wrapper	module_0054_uOpenGL_wrapper.py	ok
55	uPIL.BlpImagePlugin	module_0055_uPIL_BlpImagePlugin.py	ok
56	uPIL.BmpImagePlugin	module_0056_uPIL_BmpImagePlugin.py	ok
57	uPIL.BufrStubImagePlugin	module_0057_uPIL_BufrStubImagePlugin.py	ok
58	uPIL.CurImagePlugin	module_0058_uPIL_CurImagePlugin.py	ok
59	uPIL.DcxImagePlugin	module_0059_uPIL_DcxImagePlugin.py	ok
60	uPIL.DdsImagePlugin	module_0060_uPIL_DdsImagePlugin.py	ok
61	T l FuPIL.EpsImagePlugin	module_0061_T_l_FuPIL_EpsImagePlugin.py	ok
62	uPIL.ExifTags	module_0062_uPIL_ExifTags.py	ok
63	uPIL.FitsImagePlugin	module_0063_uPIL_FitsImagePlugin.py	ok
64	uPIL.FitsStubImagePlugin	module_0064_uPIL_FitsStubImagePlugin.py	ok
65	uPIL.FliImagePlugin	module_0065_uPIL_FliImagePlugin.py	ok
66	uPIL.FpxImagePlugin	module_0066_uPIL_FpxImagePlugin.py	ok
67	uPIL.FtexImagePlugin	module_0067_uPIL_FtexImagePlugin.py	ok
68	uPIL.GbrImagePlugin	module_0068_uPIL_GbrImagePlugin.py	ok
69	uPIL.GifImagePlugin	module_0069_uPIL_GifImagePlugin.py	ok
70	uPIL.GimpGradientFile	module_0070_uPIL_GimpGradientFile.py	ok
71	uPIL.GimpPaletteFile	module_0071_uPIL_GimpPaletteFile.py	ok
72	uPIL.GribStubImagePlugin	module_0072_uPIL_GribStubImagePlugin.py	ok
73	uPIL.Hdf5StubImagePlugin	module_0073_uPIL_Hdf5StubImagePlugin.py	ok
74	uPIL.IcnsImagePlugin	module_0074_uPIL_IcnsImagePlugin.py	ok
75	uPIL.IcoImagePlugin	module_0075_uPIL_IcoImagePlugin.py	ok
76	uPIL.ImImagePlugin	module_0076_uPIL_ImImagePlugin.py	ok
77	u<%s.%s image mode=%s size=%dx%d at 0x%X>	module_0077_u_s_s_image_mode_s_size_dx_d_at_0x_X.py	ok
78	uPIL.ImageCms	module_0078_uPIL_ImageCms.py	ok
79	uPIL.ImageDraw	module_0079_uPIL_ImageDraw.py	ok
80	uPIL.ImageDraw2	module_0080_uPIL_ImageDraw2.py	ok
81	uPIL.ImageFile	module_0081_uPIL_ImageFile.py	ok
82	uPIL.ImageFilter	module_0082_uPIL_ImageFilter.py	ok
83	uPIL.ImageFont	module_0083_uPIL_ImageFont.py	ok
84	uPIL.ImageMode	module_0084_uPIL_ImageMode.py	ok
85	uPIL.ImagePalette	module_0085_uPIL_ImagePalette.py	ok
86	uPIL.ImageSequence	module_0086_uPIL_ImageSequence.py	ok
87	T nuPIL.ImageShow	module_0087_T_nuPIL_ImageShow.py	ok
88	uPIL.ImageTk	module_0088_uPIL_ImageTk.py	ok
89	l uPIL.ImageWin	module_0089_l_uPIL_ImageWin.py	ok
90	uPIL.ImtImagePlugin	module_0090_uPIL_ImtImagePlugin.py	ok
91	uPIL.IptcImagePlugin	module_0091_uPIL_IptcImagePlugin.py	ok
92	uPIL.Jpeg2KImagePlugin	module_0092_uPIL_Jpeg2KImagePlugin.py	ok
93	uPIL.JpegImagePlugin	module_0093_uPIL_JpegImagePlugin.py	ok
94	uPIL.McIdasImagePlugin	module_0094_uPIL_McIdasImagePlugin.py	ok
95	uPIL.MicImagePlugin	module_0095_uPIL_MicImagePlugin.py	ok
96	uPIL.MpegImagePlugin	module_0096_uPIL_MpegImagePlugin.py	ok
97	uPIL.MpoImagePlugin	module_0097_uPIL_MpoImagePlugin.py	ok
98	uPIL.MspImagePlugin	module_0098_uPIL_MspImagePlugin.py	ok
99	l uPIL.PaletteFile	module_0099_l_uPIL_PaletteFile.py	ok
100	uPIL.PcdImagePlugin	module_0100_uPIL_PcdImagePlugin.py	ok
101	uPIL.PcxImagePlugin	module_0101_uPIL_PcxImagePlugin.py	ok
102	uPIL.PdfParser	module_0102_uPIL_PdfParser.py	ok
103	uPIL.PixarImagePlugin	module_0103_uPIL_PixarImagePlugin.py	ok
104	uPIL.PngImagePlugin	module_0104_uPIL_PngImagePlugin.py	ok
105	uPIL.PpmImagePlugin	module_0105_uPIL_PpmImagePlugin.py	ok
106	uPIL.PsdImagePlugin	module_0106_uPIL_PsdImagePlugin.py	ok
107	uPIL.PyAccess	module_0107_uPIL_PyAccess.py	ok
108	uPIL.SgiImagePlugin	module_0108_uPIL_SgiImagePlugin.py	ok
109	uPIL.SpiderImagePlugin	module_0109_uPIL_SpiderImagePlugin.py	ok
110	uPIL.SunImagePlugin	module_0110_uPIL_SunImagePlugin.py	ok
111	uPIL.TgaImagePlugin	module_0111_uPIL_TgaImagePlugin.py	ok
112	uPIL.TiffImagePlugin	module_0112_uPIL_TiffImagePlugin.py	ok
113	uPIL.TiffTags	module_0113_uPIL_TiffTags.py	ok
114	uPIL.WebPImagePlugin	module_0114_uPIL_WebPImagePlugin.py	ok
115	uPIL.WmfImagePlugin	module_0115_uPIL_WmfImagePlugin.py	ok
116	uPIL.XVThumbImagePlugin	module_0116_uPIL_XVThumbImagePlugin.py	ok
117	uPIL.XbmImagePlugin	module_0117_uPIL_XbmImagePlugin.py	ok
118	uPIL.XpmImagePlugin	module_0118_uPIL_XpmImagePlugin.py	ok
119	uPIL._util	module_0119_uPIL__util.py	ok
120	aPIL	module_0120_aPIL.py	ok
121	ucffi.api	module_0121_ucffi_api.py	ok
122	ucffi.cparser	module_0122_ucffi_cparser.py	ok
123	ucffi.error	module_0123_ucffi_error.py	ok
124	ucffi.model	module_0124_ucffi_model.py	ok
125	ucffi.vengine_cpy	module_0125_ucffi_vengine_cpy.py	ok
126	ucffi.vengine_gen	module_0126_ucffi_vengine_gen.py	ok
127	ucffi.verifier	module_0127_ucffi_verifier.py	ok
128	ucharset_normalizer.models	module_0128_ucharset_normalizer_models.py	ok
129	ucolorama.ansi	module_0129_ucolorama_ansi.py	ok
130	ucolorama.ansitowin32	module_0130_ucolorama_ansitowin32.py	ok
131	ucolorama.win32	module_0131_ucolorama_win32.py	ok
132	ucolorama.winterm	module_0132_ucolorama_winterm.py	ok
133	ucryptography.exceptions	module_0133_ucryptography_exceptions.py	ok
134	ucryptography.fernet	module_0134_ucryptography_fernet.py	ok
135	ucryptography.hazmat._oid	module_0135_ucryptography_hazmat__oid.py	ok
136	ucryptography.hazmat.backends.openssl.backend	module_0136_ucryptography_hazmat_backends_openssl_backend.py	ok
137	ucryptography.hazmat.bindings.openssl.binding	module_0137_ucryptography_hazmat_bindings_openssl_binding.py	ok
138	ucryptography.hazmat.decrepit.ciphers.algorithms	module_0138_ucryptography_hazmat_decrepit_ciphers_algorithms.py	ok
139	ucryptography.hazmat.primitives._asymmetric	module_0139_ucryptography_hazmat_primitives__asymmetric.py	ok
140	ucryptography.hazmat.primitives._cipheralgorithm	module_0140_ucryptography_hazmat_primitives__cipheralgorithm.py	ok
141	ucryptography.hazmat.primitives._serialization	module_0141_ucryptography_hazmat_primitives__serialization.py	ok
142	ucryptography.hazmat.primitives.asymmetric.dh	module_0142_ucryptography_hazmat_primitives_asymmetric_dh.py	ok
143	ucryptography.hazmat.primitives.asymmetric.dsa	module_0143_ucryptography_hazmat_primitives_asymmetric_dsa.py	ok
144	ucryptography.hazmat.primitives.asymmetric.ec	module_0144_ucryptography_hazmat_primitives_asymmetric_ec.py	ok
145	ucryptography.hazmat.primitives.asymmetric.ed25519	module_0145_ucryptography_hazmat_primitives_asymmetric_ed25519.py	ok
146	ucryptography.hazmat.primitives.asymmetric.ed448	module_0146_ucryptography_hazmat_primitives_asymmetric_ed448.py	ok
147	ucryptography.hazmat.primitives.asymmetric.padding	module_0147_ucryptography_hazmat_primitives_asymmetric_padding.py	ok
148	ucryptography.hazmat.primitives.asymmetric.rsa	module_0148_ucryptography_hazmat_primitives_asymmetric_rsa.py	ok
149	ucryptography.hazmat.primitives.asymmetric.utils	module_0149_ucryptography_hazmat_primitives_asymmetric_utils.py	ok
150	ucryptography.hazmat.primitives.asymmetric.x25519	module_0150_ucryptography_hazmat_primitives_asymmetric_x25519.py	ok
151	ucryptography.hazmat.primitives.asymmetric.x448	module_0151_ucryptography_hazmat_primitives_asymmetric_x448.py	ok
152	ucryptography.hazmat.primitives.ciphers.algorithms	module_0152_ucryptography_hazmat_primitives_ciphers_algorithms.py	ok
153	ucryptography.hazmat.primitives.ciphers.base	module_0153_ucryptography_hazmat_primitives_ciphers_base.py	ok
154	ucryptography.hazmat.primitives.ciphers.modes	module_0154_ucryptography_hazmat_primitives_ciphers_modes.py	ok
155	ucryptography.hazmat.primitives.hashes	module_0155_ucryptography_hazmat_primitives_hashes.py	ok
156	ucryptography.hazmat.primitives.kdf.concatkdf	module_0156_ucryptography_hazmat_primitives_kdf_concatkdf.py	ok
157	ucryptography.hazmat.primitives.kdf	module_0157_ucryptography_hazmat_primitives_kdf.py	ok
158	ucryptography.hazmat.primitives.kdf.kbkdf	module_0158_ucryptography_hazmat_primitives_kdf_kbkdf.py	ok
159	ucryptography.hazmat.primitives.kdf.pbkdf2	module_0159_ucryptography_hazmat_primitives_kdf_pbkdf2.py	ok
160	ucryptography.hazmat.primitives.kdf.x963kdf	module_0160_ucryptography_hazmat_primitives_kdf_x963kdf.py	ok
161	ucryptography.hazmat.primitives.keywrap	module_0161_ucryptography_hazmat_primitives_keywrap.py	ok
162	ucryptography.hazmat.primitives.padding	module_0162_ucryptography_hazmat_primitives_padding.py	ok
163	ucryptography.hazmat.primitives.serialization.pkcs12	module_0163_ucryptography_hazmat_primitives_serialization_pkcs12.py	ok
164	ucryptography.hazmat.primitives.serialization.pkcs7	module_0164_ucryptography_hazmat_primitives_serialization_pkcs7.py	ok
165	ucryptography.hazmat.primitives.serialization.ssh	module_0165_ucryptography_hazmat_primitives_serialization_ssh.py	ok
166	ucryptography.hazmat.primitives.twofactor	module_0166_ucryptography_hazmat_primitives_twofactor.py	ok
167	ucryptography.hazmat.primitives.twofactor.hotp	module_0167_ucryptography_hazmat_primitives_twofactor_hotp.py	ok
168	ucryptography.hazmat.primitives.twofactor.totp	module_0168_ucryptography_hazmat_primitives_twofactor_totp.py	ok
169	ucryptography.utils	module_0169_ucryptography_utils.py	ok
170	ucryptography.x509.base	module_0170_ucryptography_x509_base.py	ok
171	ucryptography.x509.certificate_transparency	module_0171_ucryptography_x509_certificate_transparency.py	ok
172	ucryptography.x509.extensions	module_0172_ucryptography_x509_extensions.py	ok
173	ucryptography.x509.general_name	module_0173_ucryptography_x509_general_name.py	ok
174	ucryptography.x509.name	module_0174_ucryptography_x509_name.py	ok
175	ucryptography.x509.ocsp	module_0175_ucryptography_x509_ocsp.py	ok
176	ucustomtkinter.windows.ctk_input_dialog	module_0176_ucustomtkinter_windows_ctk_input_dialog.py	ok
177	ucustomtkinter.windows.ctk_tk	module_0177_ucustomtkinter_windows_ctk_tk.py	ok
178	ucustomtkinter.windows.ctk_toplevel	module_0178_ucustomtkinter_windows_ctk_toplevel.py	ok
179	ucustomtkinter.windows.widgets.appearance_mode.appearance_mode_base_class	module_0179_ucustomtkinter_windows_widgets_appearance_mode_appearance_mode_base_class.py	ok
180	ucustomtkinter.windows.widgets.appearance_mode.appearance_mode_tracker	module_0180_ucustomtkinter_windows_widgets_appearance_mode_appearance_mode_tracker.py	ok
181	ucustomtkinter.windows.widgets.core_rendering.ctk_canvas	module_0181_ucustomtkinter_windows_widgets_core_rendering_ctk_canvas.py	ok
182	ucustomtkinter.windows.widgets.core_rendering.draw_engine	module_0182_ucustomtkinter_windows_widgets_core_rendering_draw_engine.py	ok
183	ucustomtkinter.windows.widgets.core_widget_classes.ctk_base_class	module_0183_ucustomtkinter_windows_widgets_core_widget_classes_ctk_base_class.py	ok
184	ucustomtkinter.windows.widgets.core_widget_classes.dropdown_menu	module_0184_ucustomtkinter_windows_widgets_core_widget_classes_dropdown_menu.py	ok
185	ucustomtkinter.windows.widgets.ctk_button	module_0185_ucustomtkinter_windows_widgets_ctk_button.py	ok
186	ucustomtkinter.windows.widgets.ctk_checkbox	module_0186_ucustomtkinter_windows_widgets_ctk_checkbox.py	ok
187	ucustomtkinter.windows.widgets.ctk_combobox	module_0187_ucustomtkinter_windows_widgets_ctk_combobox.py	ok
188	ucustomtkinter.windows.widgets.ctk_entry	module_0188_ucustomtkinter_windows_widgets_ctk_entry.py	ok
189	ucustomtkinter.windows.widgets.ctk_frame	module_0189_ucustomtkinter_windows_widgets_ctk_frame.py	ok
190	ucustomtkinter.windows.widgets.ctk_label	module_0190_ucustomtkinter_windows_widgets_ctk_label.py	ok
191	ucustomtkinter.windows.widgets.ctk_optionmenu	module_0191_ucustomtkinter_windows_widgets_ctk_optionmenu.py	ok
192	ucustomtkinter.windows.widgets.ctk_progressbar	module_0192_ucustomtkinter_windows_widgets_ctk_progressbar.py	ok
193	ucustomtkinter.windows.widgets.ctk_radiobutton	module_0193_ucustomtkinter_windows_widgets_ctk_radiobutton.py	ok
194	ucustomtkinter.windows.widgets.ctk_scrollable_frame	module_0194_ucustomtkinter_windows_widgets_ctk_scrollable_frame.py	ok
195	ucustomtkinter.windows.widgets.ctk_scrollbar	module_0195_ucustomtkinter_windows_widgets_ctk_scrollbar.py	ok
196	ucustomtkinter.windows.widgets.ctk_segmented_button	module_0196_ucustomtkinter_windows_widgets_ctk_segmented_button.py	ok
197	ucustomtkinter.windows.widgets.ctk_slider	module_0197_ucustomtkinter_windows_widgets_ctk_slider.py	ok
198	ucustomtkinter.windows.widgets.ctk_switch	module_0198_ucustomtkinter_windows_widgets_ctk_switch.py	ok
199	ucustomtkinter.windows.widgets.ctk_tabview	module_0199_ucustomtkinter_windows_widgets_ctk_tabview.py	ok
200	ucustomtkinter.windows.widgets.ctk_textbox	module_0200_ucustomtkinter_windows_widgets_ctk_textbox.py	ok
201	ucustomtkinter.windows.widgets.font.ctk_font	module_0201_ucustomtkinter_windows_widgets_font_ctk_font.py	ok
202	ucustomtkinter.windows.widgets.font.font_manager	module_0202_ucustomtkinter_windows_widgets_font_font_manager.py	ok
203	ucustomtkinter.windows.widgets.image.ctk_image	module_0203_ucustomtkinter_windows_widgets_image_ctk_image.py	ok
204	l ucustomtkinter.windows.widgets.scaling.scaling_base_class	module_0204_l_ucustomtkinter_windows_widgets_scaling_scaling_base_class.py	ok
205	ucustomtkinter.windows.widgets.scaling.scaling_tracker	module_0205_ucustomtkinter_windows_widgets_scaling_scaling_tracker.py	ok
206	ucustomtkinter.windows.widgets.theme.theme_manager	module_0206_ucustomtkinter_windows_widgets_theme_theme_manager.py	ok
207	uimgui._compat	module_0207_uimgui__compat.py	ok
208	uimgui.integrations.base	module_0208_uimgui_integrations_base.py	ok
209	uimgui.integrations.cocos2d	module_0209_uimgui_integrations_cocos2d.py	ok
210	uimgui.integrations.glfw	module_0210_uimgui_integrations_glfw.py	ok
211	uimgui.integrations.glumpy	module_0211_uimgui_integrations_glumpy.py	ok
212	uimgui.integrations.opengl	module_0212_uimgui_integrations_opengl.py	ok
213	uimgui.integrations.pygame	module_0213_uimgui_integrations_pygame.py	ok
214	uimgui.integrations.pyglet	module_0214_uimgui_integrations_pyglet.py	ok
215	uimgui.integrations.sdl2	module_0215_uimgui_integrations_sdl2.py	ok
216	T T	module_0216_T_T.py	ok
217	T	module_0217_T.py	ok
218	ujinja2.async_utils	module_0218_ujinja2_async_utils.py	ok
219	T l    l ujinja2.bccache	module_0219_T_l_l_ujinja2_bccache.py	ok
220	ujinja2.compiler	module_0220_ujinja2_compiler.py	ok
221	ujinja2.environment	module_0221_ujinja2_environment.py	ok
222	ujinja2.exceptions	module_0222_ujinja2_exceptions.py	ok
223	ujinja2.filters	module_0223_ujinja2_filters.py	ok
224	ujinja2.idtracking	module_0224_ujinja2_idtracking.py	ok
225	ujinja2.lexer	module_0225_ujinja2_lexer.py	ok
226	ujinja2.loaders	module_0226_ujinja2_loaders.py	ok
227	ujinja2.nodes	module_0227_ujinja2_nodes.py	ok
228	ujinja2.optimizer	module_0228_ujinja2_optimizer.py	ok
229	ujinja2.parser	module_0229_ujinja2_parser.py	ok
230	ujinja2.runtime	module_0230_ujinja2_runtime.py	ok
231	aEllipsis	module_0231_aEllipsis.py	ok
232	ujinja2.visitor	module_0232_ujinja2_visitor.py	ok
233	ukeyboard._darwinkeyboard	module_0233_ukeyboard__darwinkeyboard.py	ok
234	ukeyboard._darwinmouse	module_0234_ukeyboard__darwinmouse.py	ok
235	ukeyboard._generic	module_0235_ukeyboard__generic.py	ok
236	ukeyboard._keyboard_event	module_0236_ukeyboard__keyboard_event.py	ok
237	ukeyboard._keyboard_tests	module_0237_ukeyboard__keyboard_tests.py	ok
238	ukeyboard._mouse_tests	module_0238_ukeyboard__mouse_tests.py	ok
239	ukeyboard._nixcommon	module_0239_ukeyboard__nixcommon.py	ok
240	ukeyboard._winkeyboard	module_0240_ukeyboard__winkeyboard.py	ok
241	ukeyboard._winmouse	module_0241_ukeyboard__winmouse.py	ok
242	keyboard	module_0242_keyboard.py	ok
243	ukeyboard.mouse	module_0243_ukeyboard_mouse.py	ok
244	ullvmlite.binding.context	module_0244_ullvmlite_binding_context.py	ok
245	ullvmlite.binding.executionengine	module_0245_ullvmlite_binding_executionengine.py	ok
246	aLLVMPassBuilderRef	module_0246_aLLVMPassBuilderRef.py	ok
247	ullvmlite.binding.module	module_0247_ullvmlite_binding_module.py	ok
248	ullvmlite.binding.newpassmanagers	module_0248_ullvmlite_binding_newpassmanagers.py	ok
249	ullvmlite.binding.object_file	module_0249_ullvmlite_binding_object_file.py	ok
250	ullvmlite.binding.orcjit	module_0250_ullvmlite_binding_orcjit.py	ok
251	ullvmlite.binding.targets	module_0251_ullvmlite_binding_targets.py	ok
252	ullvmlite.binding.typeref	module_0252_ullvmlite_binding_typeref.py	ok
253	ullvmlite.binding.value	module_0253_ullvmlite_binding_value.py	ok
254	ullvmlite.ir._utils	module_0254_ullvmlite_ir__utils.py	ok
255	ullvmlite.ir.builder	module_0255_ullvmlite_ir_builder.py	ok
256	ullvmlite.ir.context	module_0256_ullvmlite_ir_context.py	ok
257	ullvmlite.ir.instructions	module_0257_ullvmlite_ir_instructions.py	ok
258	ullvmlite.ir.module	module_0258_ullvmlite_ir_module.py	ok
259	ullvmlite.ir.transforms	module_0259_ullvmlite_ir_transforms.py	ok
260	ullvmlite.ir.types	module_0260_ullvmlite_ir_types.py	ok
261	ullvmlite.ir.values	module_0261_ullvmlite_ir_values.py	ok
262	markupsafe	module_0262_markupsafe.py	ok
263	umultiprocessing-postLoad	module_0263_umultiprocessing_postLoad.py	ok
264	a_pickle_getattribute	module_0264_a_pickle_getattribute.py	ok
265	unumba.core.analysis	module_0265_unumba_core_analysis.py	ok
266	unumba.core.annotations.pretty_annotate	module_0266_unumba_core_annotations_pretty_annotate.py	ok
267	unumba.core.annotations.type_annotations	module_0267_unumba_core_annotations_type_annotations.py	ok
268	unumba.core.base	module_0268_unumba_core_base.py	ok
269	unumba.core.boxing	module_0269_unumba_core_boxing.py	ok
270	unumba.core.bytecode	module_0270_unumba_core_bytecode.py	ok
271	unumba.core.byteflow	module_0271_unumba_core_byteflow.py	ok
272	unumba.core.caching	module_0272_unumba_core_caching.py	ok
273	unumba.core.callconv	module_0273_unumba_core_callconv.py	ok
274	unumba.core.callwrapper	module_0274_unumba_core_callwrapper.py	ok
275	unumba.core.ccallback	module_0275_unumba_core_ccallback.py	ok
276	unumba.core.codegen	module_0276_unumba_core_codegen.py	ok
277	unumba.core.compiler	module_0277_unumba_core_compiler.py	ok
278	unumba.core.compiler_lock	module_0278_unumba_core_compiler_lock.py	ok
279	unumba.core.compiler_machinery	module_0279_unumba_core_compiler_machinery.py	ok
280	unumba.core.config	module_0280_unumba_core_config.py	ok
281	unumba.core.consts	module_0281_unumba_core_consts.py	ok
282	unumba.core.controlflow	module_0282_unumba_core_controlflow.py	ok
283	unumba.core.cpu	module_0283_unumba_core_cpu.py	ok
284	unumba.core.cpu_options	module_0284_unumba_core_cpu_options.py	ok
285	unumba.core.datamodel.manager	module_0285_unumba_core_datamodel_manager.py	ok
286	unumba.core.datamodel.models	module_0286_unumba_core_datamodel_models.py	ok
287	unumba.core.datamodel.packer	module_0287_unumba_core_datamodel_packer.py	ok
288	unumba.core.debuginfo	module_0288_unumba_core_debuginfo.py	ok
289	unumba.core.descriptors	module_0289_unumba_core_descriptors.py	ok
290	unumba.core.dispatcher	module_0290_unumba_core_dispatcher.py	ok
291	unumba.core.environment	module_0291_unumba_core_environment.py	ok
292	unumba.core.errors	module_0292_unumba_core_errors.py	ok
293	unumba.core.event	module_0293_unumba_core_event.py	ok
294	unumba.core.externals	module_0294_unumba_core_externals.py	ok
295	unumba.core.fastmathpass	module_0295_unumba_core_fastmathpass.py	ok
296	func_qualname	module_0296_func_qualname.py	ok
297	unumba.core.generators	module_0297_unumba_core_generators.py	ok
298	unumba.core.imputils	module_0298_unumba_core_imputils.py	ok
299	unumba.core.inline_closurecall	module_0299_unumba_core_inline_closurecall.py	ok
300	unumba.core.interpreter	module_0300_unumba_core_interpreter.py	ok
301	unumba.core.intrinsics	module_0301_unumba_core_intrinsics.py	ok
302	unumba.core.ir	module_0302_unumba_core_ir.py	ok
303	a_defn	module_0303_a_defn.py	ok
304	unumba.core.lowering	module_0304_unumba_core_lowering.py	ok
305	unumba.core.object_mode_passes	module_0305_unumba_core_object_mode_passes.py	ok
306	aOption	module_0306_aOption.py	ok
307	unumba.core.postproc	module_0307_unumba_core_postproc.py	ok
308	unumba.core.pylowering	module_0308_unumba_core_pylowering.py	ok
309	unumba.core.pythonapi	module_0309_unumba_core_pythonapi.py	ok
310	unumba.core.registry	module_0310_unumba_core_registry.py	ok
311	unumba.core.removerefctpass	module_0311_unumba_core_removerefctpass.py	ok
312	unumba.core.rewrites.ir_print	module_0312_unumba_core_rewrites_ir_print.py	ok
313	unumba.core.rewrites.registry	module_0313_unumba_core_rewrites_registry.py	ok
314	unumba.core.rewrites.static_binop	module_0314_unumba_core_rewrites_static_binop.py	ok
315	unumba.core.rewrites.static_getitem	module_0315_unumba_core_rewrites_static_getitem.py	ok
316	unumba.core.rewrites.static_raise	module_0316_unumba_core_rewrites_static_raise.py	ok
317	unumba.core.runtime.context	module_0317_unumba_core_runtime_context.py	ok
318	unumba.core.runtime.nrt	module_0318_unumba_core_runtime_nrt.py	ok
319	a_fn	module_0319_a_fn.py	ok
320	unumba.core.ssa	module_0320_unumba_core_ssa.py	ok
321	unumba.core.target_extension	module_0321_unumba_core_target_extension.py	ok
322	unumba.core.targetconfig	module_0322_unumba_core_targetconfig.py	ok
323	indent	module_0323_indent.py	ok
324	unumba.core.typeconv.castgraph	module_0324_unumba_core_typeconv_castgraph.py	ok
325	unumba.core.typeconv.typeconv	module_0325_unumba_core_typeconv_typeconv.py	ok
326	unumba.core.typed_passes	module_0326_unumba_core_typed_passes.py	ok
327	unumba.core.typeinfer	module_0327_unumba_core_typeinfer.py	ok
328	a__init__	module_0328_a__init.py	ok
329	unumba.core.types.common	module_0329_unumba_core_types_common.py	ok
330	unumba.core.types.containers	module_0330_unumba_core_types_containers.py	ok
331	unumba.core.types.function_type	module_0331_unumba_core_types_function_type.py	ok
332	unumba.core.types.iterators	module_0332_unumba_core_types_iterators.py	ok
333	unumba.core.types.npytypes	module_0333_unumba_core_types_npytypes.py	ok
334	unumba.core.types.scalars	module_0334_unumba_core_types_scalars.py	ok
335	getitem	module_0335_getitem.py	ok
336	unumba.core.typing.asnumbatype	module_0336_unumba_core_typing_asnumbatype.py	ok
337	unumba.core.typing.builtins	module_0337_unumba_core_typing_builtins.py	ok
338	unumba.core.typing.cffi_utils	module_0338_unumba_core_typing_cffi_utils.py	ok
339	unumba.core.typing.cmathdecl	module_0339_unumba_core_typing_cmathdecl.py	ok
340	unumba.core.typing.collections	module_0340_unumba_core_typing_collections.py	ok
341	unumba.core.typing.context	module_0341_unumba_core_typing_context.py	ok
342	unumba.core.typing.dictdecl	module_0342_unumba_core_typing_dictdecl.py	ok
343	unumba.core.typing.enumdecl	module_0343_unumba_core_typing_enumdecl.py	ok
344	unumba.core.typing.listdecl	module_0344_unumba_core_typing_listdecl.py	ok
345	unumba.core.typing.mathdecl	module_0345_unumba_core_typing_mathdecl.py	ok
346	unumba.core.typing.npdatetime	module_0346_unumba_core_typing_npdatetime.py	ok
347	unumba.core.typing.setdecl	module_0347_unumba_core_typing_setdecl.py	ok
348	unumba.core.typing.typeof	module_0348_unumba_core_typing_typeof.py	ok
349	unumba.core.untyped_passes	module_0349_unumba_core_untyped_passes.py	ok
350	unumba.core.utils	module_0350_unumba_core_utils.py	ok
351	unumba.core.withcontexts	module_0351_unumba_core_withcontexts.py	ok
352	unumba.cpython.builtins	module_0352_unumba_cpython_builtins.py	ok
353	unumba.cpython.hashing	module_0353_unumba_cpython_hashing.py	ok
354	unumba.cpython.listobj	module_0354_unumba_cpython_listobj.py	ok
355	unumba.cpython.rangeobj	module_0355_unumba_cpython_rangeobj.py	ok
356	unumba.cpython.setobj	module_0356_unumba_cpython_setobj.py	ok
357	unumba.cpython.unicode	module_0357_unumba_cpython_unicode.py	ok
358	unumba.cpython.unicode_support	module_0358_unumba_cpython_unicode_support.py	ok
359	unumba.cuda.args	module_0359_unumba_cuda_args.py	ok
360	unumba.cuda.cg	module_0360_unumba_cuda_cg.py	ok
361	unumba.cuda.codegen	module_0361_unumba_cuda_codegen.py	ok
362	unumba.cuda.compiler	module_0362_unumba_cuda_compiler.py	ok
363	unumba.cuda.cudadecl	module_0363_unumba_cuda_cudadecl.py	ok
364	unumba.cuda.cudadrv.devicearray	module_0364_unumba_cuda_cudadrv_devicearray.py	ok
365	unumba.cuda.cudadrv.devices	module_0365_unumba_cuda_cudadrv_devices.py	ok
366	unumba.cuda.cudadrv.driver	module_0366_unumba_cuda_cudadrv_driver.py	ok
367	unumba.cuda.cudadrv.dummyarray	module_0367_unumba_cuda_cudadrv_dummyarray.py	ok
368	unumba.cuda.cudadrv.error	module_0368_unumba_cuda_cudadrv_error.py	ok
369	unumba.cuda.cudadrv.nvrtc	module_0369_unumba_cuda_cudadrv_nvrtc.py	ok
370	unumba.cuda.cudadrv.runtime	module_0370_unumba_cuda_cudadrv_runtime.py	ok
371	unumba.cuda.cudamath	module_0371_unumba_cuda_cudamath.py	ok
372	unumba.cuda.descriptor	module_0372_unumba_cuda_descriptor.py	ok
373	unumba.cuda.deviceufunc	module_0373_unumba_cuda_deviceufunc.py	ok
374	unumba.cuda.dispatcher	module_0374_unumba_cuda_dispatcher.py	ok
375	unumba.cuda.errors	module_0375_unumba_cuda_errors.py	ok
376	unumba.cuda.kernels.reduction	module_0376_unumba_cuda_kernels_reduction.py	ok
377	unumba.cuda.libdevicedecl	module_0377_unumba_cuda_libdevicedecl.py	ok
378	unumba.cuda.models	module_0378_unumba_cuda_models.py	ok
379	unumba.cuda.nvvmutils	module_0379_unumba_cuda_nvvmutils.py	ok
380	unumba.cuda.simulator.api	module_0380_unumba_cuda_simulator_api.py	ok
381	unumba.cuda.simulator.cudadrv.devicearray	module_0381_unumba_cuda_simulator_cudadrv_devicearray.py	ok
382	T l l unumba.cuda.simulator.cudadrv.devices	module_0382_T_l_l_unumba_cuda_simulator_cudadrv_devices.py	ok
383	unumba.cuda.simulator.cudadrv.driver	module_0383_unumba_cuda_simulator_cudadrv_driver.py	ok
384	unumba.cuda.simulator.cudadrv.error	module_0384_unumba_cuda_simulator_cudadrv_error.py	ok
385	unumba.cuda.simulator.cudadrv.nvvm	module_0385_unumba_cuda_simulator_cudadrv_nvvm.py	ok
386	unumba.cuda.simulator.cudadrv.runtime	module_0386_unumba_cuda_simulator_cudadrv_runtime.py	ok
387	unumba.cuda.simulator.kernel	module_0387_unumba_cuda_simulator_kernel.py	ok
388	unumba.cuda.simulator.kernelapi	module_0388_unumba_cuda_simulator_kernelapi.py	ok
389	T a_vector_type_stubs	module_0389_T_a_vector_type_stubs.py	ok
390	unumba.cuda.target	module_0390_unumba_cuda_target.py	ok
391	unumba.cuda.types	module_0391_unumba_cuda_types.py	ok
392	unumba.cuda.vector_types	module_0392_unumba_cuda_vector_types.py	ok
393	unumba.cuda.vectorizers	module_0393_unumba_cuda_vectorizers.py	ok
394	a__weakref__	module_0394_a__weakref.py	ok
395	unumba.experimental.jitclass.base	module_0395_unumba_experimental_jitclass_base.py	ok
396	aClassType	module_0396_aClassType.py	ok
397	unumba.misc.appdirs	module_0397_unumba_misc_appdirs.py	ok
398	unumba.misc.coverage_support	module_0398_unumba_misc_coverage_support.py	ok
399	unumba.misc.firstlinefinder	module_0399_unumba_misc_firstlinefinder.py	ok
400	unumba.misc.llvm_pass_timings	module_0400_unumba_misc_llvm_pass_timings.py	ok
401	unumba.misc.special	module_0401_unumba_misc_special.py	ok
402	unumba.np.arrayobj	module_0402_unumba_np_arrayobj.py	ok
403	unumba.np.linalg	module_0403_unumba_np_linalg.py	ok
404	unumba.np.npyimpl	module_0404_unumba_np_npyimpl.py	ok
405	unumba.np.numpy_support	module_0405_unumba_np_numpy_support.py	ok
406	unumba.np.polynomial.polynomial_core	module_0406_unumba_np_polynomial_polynomial_core.py	ok
407	unumba.np.random.generator_core	module_0407_unumba_np_random_generator_core.py	ok
408	unumba.np.ufunc.array_exprs	module_0408_unumba_np_ufunc_array_exprs.py	ok
409	unumba.np.ufunc.decorators	module_0409_unumba_np_ufunc_decorators.py	ok
410	unumba.np.ufunc.dufunc	module_0410_unumba_np_ufunc_dufunc.py	ok
411	unumba.np.ufunc.gufunc	module_0411_unumba_np_ufunc_gufunc.py	ok
412	unumba.np.ufunc.parallel	module_0412_unumba_np_ufunc_parallel.py	ok
413	unumba.np.ufunc.ufunc_base	module_0413_unumba_np_ufunc_ufunc_base.py	ok
414	unumba.np.ufunc.ufuncbuilder	module_0414_unumba_np_ufunc_ufuncbuilder.py	ok
415	unumba.np.ufunc.wrappers	module_0415_unumba_np_ufunc_wrappers.py	ok
416	unumba.parfors.parfor	module_0416_unumba_parfors_parfor.py	ok
417	unumba.parfors.parfor_lowering	module_0417_unumba_parfors_parfor_lowering.py	ok
418	unumba.parfors.parfor_lowering_utils	module_0418_unumba_parfors_parfor_lowering_utils.py	ok
419	unumba.stencils.stencilparfor	module_0419_unumba_stencils_stencilparfor.py	ok
420	unumba.typed.dictobject	module_0420_unumba_typed_dictobject.py	ok
421	unumba.typed.listobject	module_0421_unumba_typed_listobject.py	ok
422	unumpy.__config__	module_0422_unumpy___config.py	ok
423	unumpy._array_api_info	module_0423_unumpy__array_api_info.py	ok
424	unumpy._core._exceptions	module_0424_unumpy__core__exceptions.py	ok
425	u{}.{}	module_0425_u.py	ok
426	unumpy._core._machar	module_0426_unumpy__core__machar.py	ok
427	unumpy._core._ufunc_config	module_0427_unumpy__core__ufunc_config.py	ok
428	Ostr	module_0428_Ostr.py	ok
429	a_legacy	module_0429_a_legacy.py	ok
430	unumpy._core.defchararray	module_0430_unumpy__core_defchararray.py	ok
431	unumpy._core.getlimits	module_0431_unumpy__core_getlimits.py	ok
432	unumpy._core.memmap	module_0432_unumpy__core_memmap.py	ok
433	numpy	module_0433_numpy.py	ok
434	unumpy._core.numerictypes	module_0434_unumpy__core_numerictypes.py	ok
435	module	module_0435_module.py	ok
436	unumpy._core.records	module_0436_unumpy__core_records.py	ok
437	unumpy.strings	module_0437_unumpy_strings.py	ok
438	unumpy._core.tests._locales	module_0438_unumpy__core_tests__locales.py	ok
439	unumpy._core.tests._natype	module_0439_unumpy__core_tests__natype.py	ok
440	unumpy._core.tests.test__exceptions	module_0440_unumpy__core_tests_test__exceptions.py	ok
441	unumpy._core.tests.test_abc	module_0441_unumpy__core_tests_test_abc.py	ok
442	unumpy._core.tests.test_array_coercion	module_0442_unumpy__core_tests_test_array_coercion.py	ok
443	unumpy._core.tests.test_array_interface	module_0443_unumpy__core_tests_test_array_interface.py	ok
444	unumpy._core.tests.test_arraymethod	module_0444_unumpy__core_tests_test_arraymethod.py	ok
445	unumpy._core.tests.test_arrayobject	module_0445_unumpy__core_tests_test_arrayobject.py	ok
446	unumpy._core.tests.test_arrayprint	module_0446_unumpy__core_tests_test_arrayprint.py	ok
447	unumpy._core.tests.test_casting_unittests	module_0447_unumpy__core_tests_test_casting_unittests.py	ok
448	unumpy._core.tests.test_conversion_utils	module_0448_unumpy__core_tests_test_conversion_utils.py	ok
449	unumpy._core.tests.test_cpu_features	module_0449_unumpy__core_tests_test_cpu_features.py	ok
450	unumpy._core.tests.test_custom_dtypes	module_0450_unumpy__core_tests_test_custom_dtypes.py	ok
451	unumpy._core.tests.test_cython	module_0451_unumpy__core_tests_test_cython.py	ok
452	unumpy._core.tests.test_datetime	module_0452_unumpy__core_tests_test_datetime.py	ok
453	Funumpy._core.tests.test_defchararray	module_0453_Funumpy__core_tests_test_defchararray.py	ok
454	unumpy._core.tests.test_deprecations	module_0454_unumpy__core_tests_test_deprecations.py	ok
455	unumpy._core.tests.test_dlpack	module_0455_unumpy__core_tests_test_dlpack.py	ok
456	unumpy._core.tests.test_dtype	module_0456_unumpy__core_tests_test_dtype.py	ok
457	unumpy._core.tests.test_einsum	module_0457_unumpy__core_tests_test_einsum.py	ok
458	unumpy._core.tests.test_errstate	module_0458_unumpy__core_tests_test_errstate.py	ok
459	?l unumpy._core.tests.test_function_base	module_0459__l_unumpy__core_tests_test_function_base.py	ok
460	?unumpy._core.tests.test_getlimits	module_0460__unumpy__core_tests_test_getlimits.py	ok
461	unumpy._core.tests.test_half	module_0461_unumpy__core_tests_test_half.py	ok
462	unumpy._core.tests.test_indexerrors	module_0462_unumpy__core_tests_test_indexerrors.py	ok
463	unumpy._core.tests.test_indexing	module_0463_unumpy__core_tests_test_indexing.py	ok
464	unumpy._core.tests.test_item_selection	module_0464_unumpy__core_tests_test_item_selection.py	ok
465	unumpy._core.tests.test_longdouble	module_0465_unumpy__core_tests_test_longdouble.py	ok
466	unumpy._core.tests.test_machar	module_0466_unumpy__core_tests_test_machar.py	ok
467	T l l unumpy._core.tests.test_mem_overlap	module_0467_T_l_l_unumpy__core_tests_test_mem_overlap.py	ok
468	unumpy._core.tests.test_mem_policy	module_0468_unumpy__core_tests_test_mem_policy.py	ok
469	unumpy._core.tests.test_memmap	module_0469_unumpy__core_tests_test_memmap.py	ok
470	unumpy._core.tests.test_multiarray	module_0470_unumpy__core_tests_test_multiarray.py	ok
471	unumpy._core.tests.test_nditer	module_0471_unumpy__core_tests_test_nditer.py	ok
472	unumpy._core.tests.test_numeric	module_0472_unumpy__core_tests_test_numeric.py	ok
473	w<unumpy._core.tests.test_numerictypes	module_0473_w_unumpy__core_tests_test_numerictypes.py	ok
474	unumpy._core.tests.test_overrides	module_0474_unumpy__core_tests_test_overrides.py	ok
475	unumpy._core.tests.test_print	module_0475_unumpy__core_tests_test_print.py	ok
476	unumpy._core.tests.test_protocols	module_0476_unumpy__core_tests_test_protocols.py	ok
477	unumpy._core.tests.test_records	module_0477_unumpy__core_tests_test_records.py	ok
478	unumpy._core.tests.test_regression	module_0478_unumpy__core_tests_test_regression.py	ok
479	unumpy._core.tests.test_scalar_ctors	module_0479_unumpy__core_tests_test_scalar_ctors.py	ok
480	unumpy._core.tests.test_scalar_methods	module_0480_unumpy__core_tests_test_scalar_methods.py	ok
481	unumpy._core.tests.test_scalarbuffer	module_0481_unumpy__core_tests_test_scalarbuffer.py	ok
482	unumpy._core.tests.test_scalarinherit	module_0482_unumpy__core_tests_test_scalarinherit.py	ok
483	unumpy._core.tests.test_scalarmath	module_0483_unumpy__core_tests_test_scalarmath.py	ok
484	unumpy._core.tests.test_scalarprint	module_0484_unumpy__core_tests_test_scalarprint.py	ok
485	T T l ppwFT T l pwCT T l pwFunumpy._core.tests.test_shape_base	module_0485_T_T_l_ppwFT_T_l_pwCT_T_l_pwFunumpy__core_tests_test_shape_base.py	ok
486	unumpy._core.tests.test_simd	module_0486_unumpy__core_tests_test_simd.py	ok
487	unumpy._core.tests.test_simd_module	module_0487_unumpy__core_tests_test_simd_module.py	ok
488	unumpy._core.tests.test_stringdtype	module_0488_unumpy__core_tests_test_stringdtype.py	ok
489	unumpy._core.tests.test_strings	module_0489_unumpy__core_tests_test_strings.py	ok
490	unumpy._core.tests.test_ufunc	module_0490_unumpy__core_tests_test_ufunc.py	ok
491	unumpy._core.tests.test_umath	module_0491_unumpy__core_tests_test_umath.py	ok
492	D	module_0492_D.py	ok
493	unumpy._core.tests.test_umath_accuracy	module_0493_unumpy__core_tests_test_umath_accuracy.py	ok
494	unumpy._core.tests.test_umath_complex	module_0494_unumpy__core_tests_test_umath_complex.py	ok
495	unumpy._core.tests.test_unicode	module_0495_unumpy__core_tests_test_unicode.py	ok
496	unumpy._globals	module_0496_unumpy__globals.py	ok
497	unumpy._pytesttester	module_0497_unumpy__pytesttester.py	ok
498	unumpy._typing._array_like	module_0498_unumpy__typing__array_like.py	ok
499	unumpy._typing._dtype_like	module_0499_unumpy__typing__dtype_like.py	ok
500	unumpy._typing._nbit_base	module_0500_unumpy__typing__nbit_base.py	ok
501	unumpy._typing._nested_sequence	module_0501_unumpy__typing__nested_sequence.py	ok
502	unumpy._utils._pep440	module_0502_unumpy__utils__pep440.py	ok
503	unumpy.compat.py3k	module_0503_unumpy_compat_py3k.py	ok
504	:nnq aelement_type	module_0504__nnq_aelement_type.py	ok
505	unumpy.exceptions	module_0505_unumpy_exceptions.py	ok
506	unumpy.fft.tests.test_helper	module_0506_unumpy_fft_tests_test_helper.py	ok
507	unumpy.fft.tests.test_pocketfft	module_0507_unumpy_fft_tests_test_pocketfft.py	ok
508	unumpy.lib._arraysetops_impl	module_0508_unumpy_lib__arraysetops_impl.py	ok
509	unumpy.lib._arrayterator_impl	module_0509_unumpy_lib__arrayterator_impl.py	ok
510	unumpy.lib._datasource	module_0510_unumpy_lib__datasource.py	ok
511	unumpy.lib._function_base_impl	module_0511_unumpy_lib__function_base_impl.py	ok
512	unumpy.lib._index_tricks_impl	module_0512_unumpy_lib__index_tricks_impl.py	ok
513	T Funumpy.lib._iotools	module_0513_T_Funumpy_lib__iotools.py	ok
514	unumpy.lib._npyio_impl	module_0514_unumpy_lib__npyio_impl.py	ok
515	unumpy.lib._polynomial_impl	module_0515_unumpy_lib__polynomial_impl.py	ok
516	unumpy.lib._stride_tricks_impl	module_0516_unumpy_lib__stride_tricks_impl.py	ok
517	unumpy.lib._user_array_impl	module_0517_unumpy_lib__user_array_impl.py	ok
518	unumpy.lib._utils_impl	module_0518_unumpy_lib__utils_impl.py	ok
519	unumpy.lib._version	module_0519_unumpy_lib__version.py	ok
520	a__all__	module_0520_a__all.py	ok
521	unumpy.lib.format	module_0521_unumpy_lib_format.py	ok
522	unumpy.lib.mixins	module_0522_unumpy_lib_mixins.py	ok
523	unumpy.lib.tests.test__datasource	module_0523_unumpy_lib_tests_test__datasource.py	ok
524	unumpy.lib.tests.test__iotools	module_0524_unumpy_lib_tests_test__iotools.py	ok
525	unumpy.lib.tests.test_array_utils	module_0525_unumpy_lib_tests_test_array_utils.py	ok
526	punumpy.lib.tests.test_arraypad	module_0526_punumpy_lib_tests_test_arraypad.py	ok
527	L l pl l l L l l l l pl l unumpy.lib.tests.test_arraysetops	module_0527_L_l_pl_l_l_L_l_l_l_l_pl_l_unumpy_lib_tests_test_arraysetops.py	ok
528	unumpy.lib.tests.test_format	module_0528_unumpy_lib_tests_test_format.py	ok
529	unumpy.lib.tests.test_function_base	module_0529_unumpy_lib_tests_test_function_base.py	ok
530	unumpy.lib.tests.test_histograms	module_0530_unumpy_lib_tests_test_histograms.py	ok
531	unumpy.lib.tests.test_index_tricks	module_0531_unumpy_lib_tests_test_index_tricks.py	ok
532	unumpy.lib.tests.test_io	module_0532_unumpy_lib_tests_test_io.py	ok
533	unumpy.lib.tests.test_loadtxt	module_0533_unumpy_lib_tests_test_loadtxt.py	ok
534	l T l unumpy.lib.tests.test_mixins	module_0534_l_T_l_unumpy_lib_tests_test_mixins.py	ok
535	unumpy.lib.tests.test_nanfunctions	module_0535_unumpy_lib_tests_test_nanfunctions.py	ok
536	unumpy.lib.tests.test_packbits	module_0536_unumpy_lib_tests_test_packbits.py	ok
537	unumpy.lib.tests.test_polynomial	module_0537_unumpy_lib_tests_test_polynomial.py	ok
538	unumpy.lib.tests.test_recfunctions	module_0538_unumpy_lib_tests_test_recfunctions.py	ok
539	unumpy.lib.tests.test_regression	module_0539_unumpy_lib_tests_test_regression.py	ok
540	unumpy.lib.tests.test_shape_base	module_0540_unumpy_lib_tests_test_shape_base.py	ok
541	unumpy.lib.tests.test_stride_tricks	module_0541_unumpy_lib_tests_test_stride_tricks.py	ok
542	?unumpy.lib.tests.test_twodim_base	module_0542__unumpy_lib_tests_test_twodim_base.py	ok
543	unumpy.lib.tests.test_type_check	module_0543_unumpy_lib_tests_test_type_check.py	ok
544	unumpy.lib.tests.test_ufunclike	module_0544_unumpy_lib_tests_test_ufunclike.py	ok
545	T nnnunumpy.lib.tests.test_utils	module_0545_T_nnnunumpy_lib_tests_test_utils.py	ok
546	unumpy.linalg._linalg	module_0546_unumpy_linalg__linalg.py	ok
547	unumpy.linalg.tests.test_linalg	module_0547_unumpy_linalg_tests_test_linalg.py	ok
548	unumpy.linalg.tests.test_regression	module_0548_unumpy_linalg_tests_test_regression.py	ok
549	unumpy.ma.core	module_0549_unumpy_ma_core.py	ok
550	unumpy.ma.extras	module_0550_unumpy_ma_extras.py	ok
551	unumpy.ma.mrecords	module_0551_unumpy_ma_mrecords.py	ok
552	L L tFL Fpunumpy.ma.tests.test_core	module_0552_L_L_tFL_Fpunumpy_ma_tests_test_core.py	ok
553	unumpy.ma.tests.test_deprecations	module_0553_unumpy_ma_tests_test_deprecations.py	ok
554	unumpy.ma.tests.test_extras	module_0554_unumpy_ma_tests_test_extras.py	ok
555	unumpy.ma.tests.test_mrecords	module_0555_unumpy_ma_tests_test_mrecords.py	ok
556	unumpy.ma.tests.test_old_ma	module_0556_unumpy_ma_tests_test_old_ma.py	ok
557	unumpy.ma.tests.test_regression	module_0557_unumpy_ma_tests_test_regression.py	ok
558	unumpy.ma.tests.test_subclassing	module_0558_unumpy_ma_tests_test_subclassing.py	ok
559	unumpy.ma.timer_comparison	module_0559_unumpy_ma_timer_comparison.py	ok
560	unumpy.matrixlib.defmatrix	module_0560_unumpy_matrixlib_defmatrix.py	ok
561	unumpy.matrixlib.tests.test_defmatrix	module_0561_unumpy_matrixlib_tests_test_defmatrix.py	ok
562	unumpy.matrixlib.tests.test_interaction	module_0562_unumpy_matrixlib_tests_test_interaction.py	ok
563	unumpy.matrixlib.tests.test_masked_matrix	module_0563_unumpy_matrixlib_tests_test_masked_matrix.py	ok
564	unumpy.matrixlib.tests.test_matrix_linalg	module_0564_unumpy_matrixlib_tests_test_matrix_linalg.py	ok
565	unumpy.matrixlib.tests.test_multiarray	module_0565_unumpy_matrixlib_tests_test_multiarray.py	ok
566	unumpy.matrixlib.tests.test_numeric	module_0566_unumpy_matrixlib_tests_test_numeric.py	ok
567	unumpy.matrixlib.tests.test_regression	module_0567_unumpy_matrixlib_tests_test_regression.py	ok
568	unumpy.polynomial._polybase	module_0568_unumpy_polynomial__polybase.py	ok
569	unumpy.polynomial.chebyshev	module_0569_unumpy_polynomial_chebyshev.py	ok
570	unumpy.polynomial.hermite	module_0570_unumpy_polynomial_hermite.py	ok
571	unumpy.polynomial.hermite_e	module_0571_unumpy_polynomial_hermite_e.py	ok
572	unumpy.polynomial.laguerre	module_0572_unumpy_polynomial_laguerre.py	ok
573	unumpy.polynomial.legendre	module_0573_unumpy_polynomial_legendre.py	ok
574	unumpy.polynomial.polynomial	module_0574_unumpy_polynomial_polynomial.py	ok
575	unumpy.polynomial.tests.test_chebyshev	module_0575_unumpy_polynomial_tests_test_chebyshev.py	ok
576	unumpy.polynomial.tests.test_classes	module_0576_unumpy_polynomial_tests_test_classes.py	ok
577	unumpy.polynomial.tests.test_hermite	module_0577_unumpy_polynomial_tests_test_hermite.py	ok
578	unumpy.polynomial.tests.test_hermite_e	module_0578_unumpy_polynomial_tests_test_hermite_e.py	ok
579	unumpy.polynomial.tests.test_laguerre	module_0579_unumpy_polynomial_tests_test_laguerre.py	ok
580	unumpy.polynomial.tests.test_legendre	module_0580_unumpy_polynomial_tests_test_legendre.py	ok
581	unumpy.polynomial.tests.test_polynomial	module_0581_unumpy_polynomial_tests_test_polynomial.py	ok
582	unumpy.polynomial.tests.test_polyutils	module_0582_unumpy_polynomial_tests_test_polyutils.py	ok
583	unumpy.polynomial.tests.test_printing	module_0583_unumpy_polynomial_tests_test_printing.py	ok
584	unumpy.polynomial.tests.test_symbol	module_0584_unumpy_polynomial_tests_test_symbol.py	ok
585	unumpy.random.tests.test_direct	module_0585_unumpy_random_tests_test_direct.py	ok
586	unumpy.random.tests.test_generator_mt19937	module_0586_unumpy_random_tests_test_generator_mt19937.py	ok
587	unumpy.random.tests.test_generator_mt19937_regressions	module_0587_unumpy_random_tests_test_generator_mt19937_regressions.py	ok
588	unumpy.random.tests.test_random	module_0588_unumpy_random_tests_test_random.py	ok
589	unumpy.random.tests.test_randomstate	module_0589_unumpy_random_tests_test_randomstate.py	ok
590	unumpy.random.tests.test_randomstate_regression	module_0590_unumpy_random_tests_test_randomstate_regression.py	ok
591	unumpy.random.tests.test_regression	module_0591_unumpy_random_tests_test_regression.py	ok
592	T Funumpy.random.tests.test_smoke	module_0592_T_Funumpy_random_tests_test_smoke.py	ok
593	unumpy.tests.test_ctypeslib	module_0593_unumpy_tests_test_ctypeslib.py	ok
594	unumpy.tests.test_numpy_config	module_0594_unumpy_tests_test_numpy_config.py	ok
595	core	module_0595_core.py	ok
596	unumpy.tests.test_warnings	module_0596_unumpy_tests_test_warnings.py	ok
597	unumpy.typing.mypy_plugin	module_0597_unumpy_typing_mypy_plugin.py	ok
598	?wfwiunumpy.typing.tests.data.pass.arithmetic	module_0598__wfwiunumpy_typing_tests_data_pass_arithmetic.py	ok
599	unumpy.typing.tests.data.pass.array_constructors	module_0599_unumpy_typing_tests_data_pass_array_constructors.py	ok
600	unumpy.typing.tests.data.pass.array_like	module_0600_unumpy_typing_tests_data_pass_array_like.py	ok
601	l unumpy.typing.tests.data.pass.dtype	module_0601_l_unumpy_typing_tests_data_pass_dtype.py	ok
602	unumpy.typing.tests.data.pass.ndarray_misc	module_0602_unumpy_typing_tests_data_pass_ndarray_misc.py	ok
603	unumpy.typing.tests.data.pass.numeric	module_0603_unumpy_typing_tests_data_pass_numeric.py	ok
604	wSunumpy.typing.tests.data.pass.scalars	module_0604_wSunumpy_typing_tests_data_pass_scalars.py	ok
605	unumpy.typing.tests.data.pass.shape	module_0605_unumpy_typing_tests_data_pass_shape.py	ok
606	unumpy.typing.tests.data.pass.ufunc_config	module_0606_unumpy_typing_tests_data_pass_ufunc_config.py	ok
607	unumpy.typing.tests.data.pass.ufunclike	module_0607_unumpy_typing_tests_data_pass_ufunclike.py	ok
608	unumpy.typing.tests.test_isfile	module_0608_unumpy_typing_tests_test_isfile.py	ok
609	unumpy.typing.tests.test_runtime	module_0609_unumpy_typing_tests_test_runtime.py	ok
610	upkg_resources-postLoad	module_0610_upkg_resources_postLoad.py	ok
611	upsutil._common	module_0611_upsutil__common.py	ok
612	upsutil._psaix	module_0612_upsutil__psaix.py	ok
613	upsutil._psbsd	module_0613_upsutil__psbsd.py	ok
614	upsutil._pslinux	module_0614_upsutil__pslinux.py	ok
615	upsutil._psosx	module_0615_upsutil__psosx.py	ok
616	T q upsutil._pssunos	module_0616_T_q_upsutil__pssunos.py	ok
617	upsutil._pswindows	module_0617_upsutil__pswindows.py	ok
618	u{}.{}({})	module_0618_u.py	ok
619	upsutil.tests	module_0619_upsutil_tests.py	ok
620	upsutil.tests.test_aix	module_0620_upsutil_tests_test_aix.py	ok
621	upsutil.tests.test_bsd	module_0621_upsutil_tests_test_bsd.py	ok
622	upsutil.tests.test_connections	module_0622_upsutil_tests_test_connections.py	ok
623	upsutil.tests.test_contracts	module_0623_upsutil_tests_test_contracts.py	ok
624	upsutil.tests.test_linux	module_0624_upsutil_tests_test_linux.py	ok
625	upsutil.tests.test_memleaks	module_0625_upsutil_tests_test_memleaks.py	ok
626	l upsutil.tests.test_misc	module_0626_l_upsutil_tests_test_misc.py	ok
627	upsutil.tests.test_osx	module_0627_upsutil_tests_test_osx.py	ok
628	upsutil.tests.test_posix	module_0628_upsutil_tests_test_posix.py	ok
629	upsutil.tests.test_process	module_0629_upsutil_tests_test_process.py	ok
630	upsutil.tests.test_scripts	module_0630_upsutil_tests_test_scripts.py	ok
631	upsutil.tests.test_sudo	module_0631_upsutil_tests_test_sudo.py	ok
632	upsutil.tests.test_sunos	module_0632_upsutil_tests_test_sunos.py	ok
633	upsutil.tests.test_system	module_0633_upsutil_tests_test_system.py	ok
634	upsutil.tests.test_testutils	module_0634_upsutil_tests_test_testutils.py	ok
635	upsutil.tests.test_unicode	module_0635_upsutil_tests_test_unicode.py	ok
636	upsutil.tests.test_windows	module_0636_upsutil_tests_test_windows.py	ok
637	upygame._camera_opencv	module_0637_upygame__camera_opencv.py	ok
638	upygame._camera_vidcapture	module_0638_upygame__camera_vidcapture.py	ok
639	upygame.camera	module_0639_upygame_camera.py	ok
640	pygame	module_0640_pygame.py	ok
641	upygame.cursors	module_0641_upygame_cursors.py	ok
642	upygame.ftfont	module_0642_upygame_ftfont.py	ok
643	upygame.midi	module_0643_upygame_midi.py	ok
644	upygame.sprite	module_0644_upygame_sprite.py	ok
645	upygame.tests.test_utils.async_sub	module_0645_upygame_tests_test_utils_async_sub.py	ok
646	upygame.tests.test_utils	module_0646_upygame_tests_test_utils.py	ok
647	import_submodule	module_0647_import_submodule.py	ok
648	T nnupygame.threads	module_0648_T_nnupygame_threads.py	ok
649	upygame.version	module_0649_upygame_version.py	ok
650	aFunctionFilter	module_0650_aFunctionFilter.py	ok
651	upygments.filters	module_0651_upygments_filters.py	ok
652	upygments.formatter	module_0652_upygments_formatter.py	ok
653	upygments.formatters	module_0653_upygments_formatters.py	ok
654	upygments.lexer	module_0654_upygments_lexer.py	ok
655	upygments.lexers	module_0655_upygments_lexers.py	ok
656	upygments.style	module_0656_upygments_style.py	ok
657	upygments.styles.abap	module_0657_upygments_styles_abap.py	ok
658	upygments.styles.algol	module_0658_upygments_styles_algol.py	ok
659	upygments.styles.algol_nu	module_0659_upygments_styles_algol_nu.py	ok
660	upygments.styles.arduino	module_0660_upygments_styles_arduino.py	ok
661	upygments.styles.autumn	module_0661_upygments_styles_autumn.py	ok
662	upygments.styles.borland	module_0662_upygments_styles_borland.py	ok
663	upygments.styles.bw	module_0663_upygments_styles_bw.py	ok
664	upygments.styles.coffee	module_0664_upygments_styles_coffee.py	ok
665	upygments.styles.colorful	module_0665_upygments_styles_colorful.py	ok
666	upygments.styles.default	module_0666_upygments_styles_default.py	ok
667	upygments.styles.dracula	module_0667_upygments_styles_dracula.py	ok
668	upygments.styles.emacs	module_0668_upygments_styles_emacs.py	ok
669	upygments.styles.friendly	module_0669_upygments_styles_friendly.py	ok
670	upygments.styles.friendly_grayscale	module_0670_upygments_styles_friendly_grayscale.py	ok
671	upygments.styles.fruity	module_0671_upygments_styles_fruity.py	ok
672	upygments.styles.gh_dark	module_0672_upygments_styles_gh_dark.py	ok
673	upygments.styles.gruvbox	module_0673_upygments_styles_gruvbox.py	ok
674	upygments.styles.igor	module_0674_upygments_styles_igor.py	ok
675	upygments.styles.inkpot	module_0675_upygments_styles_inkpot.py	ok
676	upygments.styles.lightbulb	module_0676_upygments_styles_lightbulb.py	ok
677	upygments.styles.lilypond	module_0677_upygments_styles_lilypond.py	ok
678	upygments.styles.lovelace	module_0678_upygments_styles_lovelace.py	ok
679	upygments.styles.manni	module_0679_upygments_styles_manni.py	ok
680	upygments.styles.material	module_0680_upygments_styles_material.py	ok
681	upygments.styles.monokai	module_0681_upygments_styles_monokai.py	ok
682	upygments.styles.murphy	module_0682_upygments_styles_murphy.py	ok
683	upygments.styles.native	module_0683_upygments_styles_native.py	ok
684	upygments.styles.nord	module_0684_upygments_styles_nord.py	ok
685	upygments.styles.onedark	module_0685_upygments_styles_onedark.py	ok
686	upygments.styles.paraiso_dark	module_0686_upygments_styles_paraiso_dark.py	ok
687	upygments.styles.paraiso_light	module_0687_upygments_styles_paraiso_light.py	ok
688	upygments.styles.pastie	module_0688_upygments_styles_pastie.py	ok
689	upygments.styles.perldoc	module_0689_upygments_styles_perldoc.py	ok
690	upygments.styles.rainbow_dash	module_0690_upygments_styles_rainbow_dash.py	ok
691	upygments.styles.rrt	module_0691_upygments_styles_rrt.py	ok
692	upygments.styles.sas	module_0692_upygments_styles_sas.py	ok
693	upygments.styles.solarized	module_0693_upygments_styles_solarized.py	ok
694	upygments.styles.staroffice	module_0694_upygments_styles_staroffice.py	ok
695	upygments.styles.stata_dark	module_0695_upygments_styles_stata_dark.py	ok
696	upygments.styles.stata_light	module_0696_upygments_styles_stata_light.py	ok
697	upygments.styles.tango	module_0697_upygments_styles_tango.py	ok
698	upygments.styles.trac	module_0698_upygments_styles_trac.py	ok
699	upygments.styles.vim	module_0699_upygments_styles_vim.py	ok
700	upygments.styles.vs	module_0700_upygments_styles_vs.py	ok
701	upygments.styles.xcode	module_0701_upygments_styles_xcode.py	ok
702	upygments.styles.zenburn	module_0702_upygments_styles_zenburn.py	ok
703	upygments.token	module_0703_upygments_token.py	ok
704	upygments.util	module_0704_upygments_util.py	ok
705	upytz.exceptions	module_0705_upytz_exceptions.py	ok
706	upytz.lazy	module_0706_upytz_lazy.py	ok
707	upytz.tzinfo	module_0707_upytz_tzinfo.py	ok
708	upywin.dialogs.list	module_0708_upywin_dialogs_list.py	ok
709	upywin.dialogs.status	module_0709_upywin_dialogs_status.py	ok
710	upywin.mfc.dialog	module_0710_upywin_mfc_dialog.py	ok
711	upywin.mfc.object	module_0711_upywin_mfc_object.py	ok
712	upywin.mfc.thread	module_0712_upywin_mfc_thread.py	ok
713	upywin.mfc.window	module_0713_upywin_mfc_window.py	ok
714	uscipy.__config__	module_0714_uscipy___config.py	ok
715	uscipy._lib._array_api	module_0715_uscipy__lib__array_api.py	ok
716	uscipy._lib._array_api_override	module_0716_uscipy__lib__array_api_override.py	ok
717	EValueError	module_0717_EValueError.py	ok
718	uscipy._lib._ccallback	module_0718_uscipy__lib__ccallback.py	ok
719	uscipy._lib._docscrape	module_0719_uscipy__lib__docscrape.py	ok
720	uscipy._lib._pep440	module_0720_uscipy__lib__pep440.py	ok
721	uscipy._lib._sparse	module_0721_uscipy__lib__sparse.py	ok
722	uscipy._lib._testutils	module_0722_uscipy__lib__testutils.py	ok
723	aUnpicklingError	module_0723_aUnpicklingError.py	ok
724	uscipy._lib._util	module_0724_uscipy__lib__util.py	ok
725	uscipy._lib.array_api_compat.common._aliases	module_0725_uscipy__lib_array_api_compat_common__aliases.py	ok
726	uscipy._lib.array_api_compat.common._linalg	module_0726_uscipy__lib_array_api_compat_common__linalg.py	ok
727	uscipy._lib.array_api_compat.common._typing	module_0727_uscipy__lib_array_api_compat_common__typing.py	ok
728	uscipy._lib.array_api_compat.cupy._info	module_0728_uscipy__lib_array_api_compat_cupy__info.py	ok
729	uscipy._lib.array_api_compat.dask.array._info	module_0729_uscipy__lib_array_api_compat_dask_array__info.py	ok
730	uscipy._lib.array_api_compat.numpy._info	module_0730_uscipy__lib_array_api_compat_numpy__info.py	ok
731	uscipy._lib.array_api_compat.torch._info	module_0731_uscipy__lib_array_api_compat_torch__info.py	ok
732	uscipy._lib.array_api_extra._lib._at	module_0732_uscipy__lib_array_api_extra__lib__at.py	ok
733	uscipy._lib.array_api_extra._lib._utils._helpers	module_0733_uscipy__lib_array_api_extra__lib__utils__helpers.py	ok
734	uscipy._lib.array_api_extra.testing	module_0734_uscipy__lib_array_api_extra_testing.py	ok
735	uscipy._lib.cobyqa.framework	module_0735_uscipy__lib_cobyqa_framework.py	ok
736	uscipy._lib.cobyqa.models	module_0736_uscipy__lib_cobyqa_models.py	ok
737	uscipy._lib.cobyqa.problem	module_0737_uscipy__lib_cobyqa_problem.py	ok
738	uscipy._lib.cobyqa.settings	module_0738_uscipy__lib_cobyqa_settings.py	ok
739	uscipy._lib.cobyqa.utils.exceptions	module_0739_uscipy__lib_cobyqa_utils_exceptions.py	ok
740	T l uscipy._lib.deprecation	module_0740_T_l_uscipy__lib_deprecation.py	ok
741	uscipy._lib.doccer	module_0741_uscipy__lib_doccer.py	ok
742	uscipy._lib.pyprima.cobyla.cobyla	module_0742_uscipy__lib_pyprima_cobyla_cobyla.py	ok
743	uscipy._lib.pyprima	module_0743_uscipy__lib_pyprima.py	ok
744	uscipy.constants._codata	module_0744_uscipy_constants__codata.py	ok
745	uscipy.fft._backend	module_0745_uscipy_fft__backend.py	ok
746	uscipy.integrate._bvp	module_0746_uscipy_integrate__bvp.py	ok
747	uscipy.integrate._cubature	module_0747_uscipy_integrate__cubature.py	ok
748	uscipy.integrate._ivp.base	module_0748_uscipy_integrate__ivp_base.py	ok
749	uscipy.integrate._ivp.bdf	module_0749_uscipy_integrate__ivp_bdf.py	ok
750	uscipy.integrate._ivp.common	module_0750_uscipy_integrate__ivp_common.py	ok
751	uscipy.integrate._ivp.ivp	module_0751_uscipy_integrate__ivp_ivp.py	ok
752	uscipy.integrate._ivp.lsoda	module_0752_uscipy_integrate__ivp_lsoda.py	ok
753	uscipy.integrate._ivp.radau	module_0753_uscipy_integrate__ivp_radau.py	ok
754	uscipy.integrate._ivp.rk	module_0754_uscipy_integrate__ivp_rk.py	ok
755	uscipy.integrate._lebedev	module_0755_uscipy_integrate__lebedev.py	ok
756	uscipy.integrate._ode	module_0756_uscipy_integrate__ode.py	ok
757	uscipy.integrate._odepack_py	module_0757_uscipy_integrate__odepack_py.py	ok
758	uscipy.integrate._quad_vec	module_0758_uscipy_integrate__quad_vec.py	ok
759	uscipy.integrate._quadpack_py	module_0759_uscipy_integrate__quadpack_py.py	ok
760	uscipy.integrate._rules._base	module_0760_uscipy_integrate__rules__base.py	ok
761	uscipy.integrate._rules._gauss_kronrod	module_0761_uscipy_integrate__rules__gauss_kronrod.py	ok
762	uscipy.integrate._rules._gauss_legendre	module_0762_uscipy_integrate__rules__gauss_legendre.py	ok
763	uscipy.integrate._rules._genz_malik	module_0763_uscipy_integrate__rules__genz_malik.py	ok
764	uscipy.interpolate._bary_rational	module_0764_uscipy_interpolate__bary_rational.py	ok
765	uscipy.interpolate._bsplines	module_0765_uscipy_interpolate__bsplines.py	ok
766	uscipy.interpolate._cubic	module_0766_uscipy_interpolate__cubic.py	ok
767	uscipy.interpolate._fitpack2	module_0767_uscipy_interpolate__fitpack2.py	ok
768	nnuscipy.interpolate._fitpack_repro	module_0768_nnuscipy_interpolate__fitpack_repro.py	ok
769	uscipy.interpolate._interpolate	module_0769_uscipy_interpolate__interpolate.py	ok
770	uscipy.interpolate._ndbspline	module_0770_uscipy_interpolate__ndbspline.py	ok
771	uscipy.interpolate._ndgriddata	module_0771_uscipy_interpolate__ndgriddata.py	ok
772	uscipy.interpolate._polyint	module_0772_uscipy_interpolate__polyint.py	ok
773	uscipy.interpolate._rbf	module_0773_uscipy_interpolate__rbf.py	ok
774	uscipy.interpolate._rbfinterp	module_0774_uscipy_interpolate__rbfinterp.py	ok
775	uscipy.interpolate._rgi	module_0775_uscipy_interpolate__rgi.py	ok
776	uscipy.linalg._matfuncs_inv_ssq	module_0776_uscipy_linalg__matfuncs_inv_ssq.py	ok
777	uscipy.linalg._matfuncs_sqrtm	module_0777_uscipy_linalg__matfuncs_sqrtm.py	ok
778	uscipy.linalg._misc	module_0778_uscipy_linalg__misc.py	ok
779	uscipy.optimize._basinhopping	module_0779_uscipy_optimize__basinhopping.py	ok
780	uscipy.optimize._constraints	module_0780_uscipy_optimize__constraints.py	ok
781	uscipy.optimize._dcsrch	module_0781_uscipy_optimize__dcsrch.py	ok
782	uscipy.optimize._differentiable_functions	module_0782_uscipy_optimize__differentiable_functions.py	ok
783	nFuscipy.optimize._differentialevolution	module_0783_nFuscipy_optimize__differentialevolution.py	ok
784	uscipy.optimize._dual_annealing	module_0784_uscipy_optimize__dual_annealing.py	ok
785	uscipy.optimize._hessian_update_strategy	module_0785_uscipy_optimize__hessian_update_strategy.py	ok
786	uscipy.optimize._lbfgsb_py	module_0786_uscipy_optimize__lbfgsb_py.py	ok
787	uscipy.optimize._linesearch	module_0787_uscipy_optimize__linesearch.py	ok
788	uscipy.optimize._lsq.least_squares	module_0788_uscipy_optimize__lsq_least_squares.py	ok
789	nnnuscipy.optimize._minimize	module_0789_nnnuscipy_optimize__minimize.py	ok
790	uscipy.optimize._nonlin	module_0790_uscipy_optimize__nonlin.py	ok
791	uscipy.optimize._numdiff	module_0791_uscipy_optimize__numdiff.py	ok
792	uscipy.optimize._optimize	module_0792_uscipy_optimize__optimize.py	ok
793	uscipy.optimize._root_scalar	module_0793_uscipy_optimize__root_scalar.py	ok
794	l uscipy.optimize._shgo	module_0794_l_uscipy_optimize__shgo.py	ok
795	uscipy.optimize._shgo_lib._complex	module_0795_uscipy_optimize__shgo_lib__complex.py	ok
796	uscipy.optimize._shgo_lib._vertex	module_0796_uscipy_optimize__shgo_lib__vertex.py	ok
797	uscipy.optimize._spectral	module_0797_uscipy_optimize__spectral.py	ok
798	uscipy.optimize._trustregion	module_0798_uscipy_optimize__trustregion.py	ok
799	uscipy.optimize._trustregion_constr.canonical_constraint	module_0799_uscipy_optimize__trustregion_constr_canonical_constraint.py	ok
800	uscipy.optimize._trustregion_constr.minimize_trustregion_constr	module_0800_uscipy_optimize__trustregion_constr_minimize_trustregion_constr.py	ok
801	uscipy.optimize._trustregion_constr.report	module_0801_uscipy_optimize__trustregion_constr_report.py	ok
802	uscipy.optimize._trustregion_constr.tr_interior_point	module_0802_uscipy_optimize__trustregion_constr_tr_interior_point.py	ok
803	uscipy.optimize._trustregion_dogleg	module_0803_uscipy_optimize__trustregion_dogleg.py	ok
804	uscipy.optimize._trustregion_exact	module_0804_uscipy_optimize__trustregion_exact.py	ok
805	uscipy.optimize._trustregion_ncg	module_0805_uscipy_optimize__trustregion_ncg.py	ok
806	uscipy.optimize._zeros_py	module_0806_uscipy_optimize__zeros_py.py	ok
807	uscipy.sparse._base	module_0807_uscipy_sparse__base.py	ok
808	uscipy.sparse._bsr	module_0808_uscipy_sparse__bsr.py	ok
809	uscipy.sparse._compressed	module_0809_uscipy_sparse__compressed.py	ok
810	uscipy.sparse._coo	module_0810_uscipy_sparse__coo.py	ok
811	uscipy.sparse._csc	module_0811_uscipy_sparse__csc.py	ok
812	uscipy.sparse._csr	module_0812_uscipy_sparse__csr.py	ok
813	uscipy.sparse._data	module_0813_uscipy_sparse__data.py	ok
814	uscipy.sparse._dia	module_0814_uscipy_sparse__dia.py	ok
815	uscipy.sparse._dok	module_0815_uscipy_sparse__dok.py	ok
816	uscipy.sparse._index	module_0816_uscipy_sparse__index.py	ok
817	uscipy.sparse._lil	module_0817_uscipy_sparse__lil.py	ok
818	uscipy.sparse._matrix	module_0818_uscipy_sparse__matrix.py	ok
819	uscipy.sparse.linalg._dsolve.linsolve	module_0819_uscipy_sparse_linalg__dsolve_linsolve.py	ok
820	uscipy.sparse.linalg._eigen.arpack.arpack	module_0820_uscipy_sparse_linalg__eigen_arpack_arpack.py	ok
821	!@f      #@T l l Fpuscipy.sparse.linalg._expm_multiply	module_0821__f_T_l_l_Fpuscipy_sparse_linalg__expm_multiply.py	ok
822	uscipy.sparse.linalg._interface	module_0822_uscipy_sparse_linalg__interface.py	ok
823	uscipy.sparse.linalg._matfuncs	module_0823_uscipy_sparse_linalg__matfuncs.py	ok
824	uscipy.sparse.linalg._special_sparse_arrays	module_0824_uscipy_sparse_linalg__special_sparse_arrays.py	ok
825	uscipy.sparse.linalg._svdp	module_0825_uscipy_sparse_linalg__svdp.py	ok
826	@uscipy.spatial._kdtree	module_0826__uscipy_spatial__kdtree.py	ok
827	uscipy.spatial._spherical_voronoi	module_0827_uscipy_spatial__spherical_voronoi.py	ok
828	uscipy.spatial.distance	module_0828_uscipy_spatial_distance.py	ok
829	uscipy.spatial.transform._rigid_transform	module_0829_uscipy_spatial_transform__rigid_transform.py	ok
830	uscipy.spatial.transform._rotation	module_0830_uscipy_spatial_transform__rotation.py	ok
831	uscipy.spatial.transform._rotation_spline	module_0831_uscipy_spatial_transform__rotation_spline.py	ok
832	uscipy.special._multiufuncs	module_0832_uscipy_special__multiufuncs.py	ok
833	uscipy.special._orthogonal	module_0833_uscipy_special__orthogonal.py	ok
834	uscipy.special._sf_error	module_0834_uscipy_special__sf_error.py	ok
835	u_FuncInfo.wrapper.<locals>.wrapped	module_0835_u_FuncInfo_wrapper_locals_wrapped.py	ok
836	uscipy.stats._axis_nan_policy	module_0836_uscipy_stats__axis_nan_policy.py	ok
837	uscipy.stats._binomtest	module_0837_uscipy_stats__binomtest.py	ok
838	T Fuscipy.stats._censored_data	module_0838_T_Fuscipy_stats__censored_data.py	ok
839	uscipy.stats._continuous_distns	module_0839_uscipy_stats__continuous_distns.py	ok
840	uscipy.stats._covariance	module_0840_uscipy_stats__covariance.py	ok
841	uscipy.stats._discrete_distns	module_0841_uscipy_stats__discrete_distns.py	ok
842	uscipy.stats._distn_infrastructure	module_0842_uscipy_stats__distn_infrastructure.py	ok
843	uscipy.stats._distribution_infrastructure	module_0843_uscipy_stats__distribution_infrastructure.py	ok
844	uscipy.stats._fit	module_0844_uscipy_stats__fit.py	ok
845	uscipy.stats._hypotests	module_0845_uscipy_stats__hypotests.py	ok
846	uscipy.stats._kde	module_0846_uscipy_stats__kde.py	ok
847	uscipy.stats._levy_stable	module_0847_uscipy_stats__levy_stable.py	ok
848	uscipy.stats._mannwhitneyu	module_0848_uscipy_stats__mannwhitneyu.py	ok
849	uscipy.stats._mgc	module_0849_uscipy_stats__mgc.py	ok
850	uscipy.stats._morestats	module_0850_uscipy_stats__morestats.py	ok
851	uscipy.stats._multicomp	module_0851_uscipy_stats__multicomp.py	ok
852	T f h     >uscipy.stats._multivariate	module_0852_T_f_h_uscipy_stats__multivariate.py	ok
853	uscipy.stats._new_distributions	module_0853_uscipy_stats__new_distributions.py	ok
854	uscipy.stats._odds_ratio	module_0854_uscipy_stats__odds_ratio.py	ok
855	uscipy.stats._page_trend_test	module_0855_uscipy_stats__page_trend_test.py	ok
856	uscipy.stats._probability_distribution	module_0856_uscipy_stats__probability_distribution.py	ok
857	uscipy.stats._qmc	module_0857_uscipy_stats__qmc.py	ok
858	uscipy.stats._relative_risk	module_0858_uscipy_stats__relative_risk.py	ok
859	T nT nnuscipy.stats._resampling	module_0859_T_nT_nnuscipy_stats__resampling.py	ok
860	T nuscipy.stats._sensitivity_analysis	module_0860_T_nuscipy_stats__sensitivity_analysis.py	ok
861	uscipy.stats._stats_py	module_0861_uscipy_stats__stats_py.py	ok
862	uscipy.stats._survival	module_0862_uscipy_stats__survival.py	ok
863	uscipy.stats._warnings_errors	module_0863_uscipy_stats__warnings_errors.py	ok
864	uscipy.stats._wilcoxon	module_0864_uscipy_stats__wilcoxon.py	ok
865	a_overload_registry	module_0865_a_overload_registry.py	ok
866	a__parameters__	module_0866_a__parameters.py	ok
867	a__name__	module_0867_a__name.py	ok
868	uwin32com.client.build	module_0868_uwin32com_client_build.py	ok
869	modules	module_0869_modules.py	ok
870	uwin32com.client.dynamic	module_0870_uwin32com_client_dynamic.py	ok
871	uwin32com.client.genpy	module_0871_uwin32com_client_genpy.py	ok
872	uwin32com.client.makepy	module_0872_uwin32com_client_makepy.py	ok
873	uwin32com.client.selecttlb	module_0873_uwin32com_client_selecttlb.py	ok
874	uwin32com.client.util	module_0874_uwin32com_client_util.py	ok
875	uyaml.composer	module_0875_uyaml_composer.py	ok
876	yaml	module_0876_yaml.py	ok
877	uyaml.constructor	module_0877_uyaml_constructor.py	ok
878	uyaml.cyaml	module_0878_uyaml_cyaml.py	ok
879	uyaml.dumper	module_0879_uyaml_dumper.py	ok
880	uyaml.emitter	module_0880_uyaml_emitter.py	ok
881	uyaml.error	module_0881_uyaml_error.py	ok
882	uyaml.events	module_0882_uyaml_events.py	ok
883	uyaml.loader	module_0883_uyaml_loader.py	ok
884	uyaml.nodes	module_0884_uyaml_nodes.py	ok
885	uyaml.parser	module_0885_uyaml_parser.py	ok
886	uyaml.reader	module_0886_uyaml_reader.py	ok
887	uyaml.resolver	module_0887_uyaml_resolver.py	ok
888	uyaml.scanner	module_0888_uyaml_scanner.py	ok
889	uyaml.serializer	module_0889_uyaml_serializer.py	ok
890	uyaml.tokens	module_0890_uyaml_tokens.py	ok
