index	size	marshal_path	pyc_path	pyc_magic	first16_hex
0	4095	pylingual_bundle/bytecode_0000.marshal	pylingual_bundle/bytecode_0000.pyc	A70D0D0A	E3000000000000000000000000000000
1	2843	pylingual_bundle/bytecode_0001.marshal	pylingual_bundle/bytecode_0001.pyc	A70D0D0A	E3000000000000000000000000000000
2	2258	pylingual_bundle/bytecode_0002.marshal	pylingual_bundle/bytecode_0002.pyc	A70D0D0A	E3000000000000000000000000000000
3	32805	pylingual_bundle/bytecode_0003.marshal	pylingual_bundle/bytecode_0003.pyc	A70D0D0A	E3000000000000000000000000000000
4	5836	pylingual_bundle/bytecode_0004.marshal	pylingual_bundle/bytecode_0004.pyc	A70D0D0A	E3000000000000000000000000000000
5	4476	pylingual_bundle/bytecode_0005.marshal	pylingual_bundle/bytecode_0005.pyc	A70D0D0A	E3000000000000000000000000000000
6	7536	pylingual_bundle/bytecode_0006.marshal	pylingual_bundle/bytecode_0006.pyc	A70D0D0A	E3000000000000000000000000000000
7	11499	pylingual_bundle/bytecode_0007.marshal	pylingual_bundle/bytecode_0007.pyc	A70D0D0A	E3000000000000000000000000000000
8	4647	pylingual_bundle/bytecode_0008.marshal	pylingual_bundle/bytecode_0008.pyc	A70D0D0A	E3000000000000000000000000000000
9	157700	pylingual_bundle/bytecode_0009.marshal	pylingual_bundle/bytecode_0009.pyc	A70D0D0A	E3000000000000000000000000000000
10	73618	pylingual_bundle/bytecode_0010.marshal	pylingual_bundle/bytecode_0010.pyc	A70D0D0A	E3000000000000000000000000000000
11	3511	pylingual_bundle/bytecode_0011.marshal	pylingual_bundle/bytecode_0011.pyc	A70D0D0A	E3000000000000000000000000000000
12	15909	pylingual_bundle/bytecode_0012.marshal	pylingual_bundle/bytecode_0012.pyc	A70D0D0A	E3000000000000000000000000000000
13	6503	pylingual_bundle/bytecode_0013.marshal	pylingual_bundle/bytecode_0013.pyc	A70D0D0A	E3000000000000000000000000000000
14	7572	pylingual_bundle/bytecode_0014.marshal	pylingual_bundle/bytecode_0014.pyc	A70D0D0A	E3000000000000000000000000000000
15	6715	pylingual_bundle/bytecode_0015.marshal	pylingual_bundle/bytecode_0015.pyc	A70D0D0A	E3000000000000000000000000000000
16	63069	pylingual_bundle/bytecode_0016.marshal	pylingual_bundle/bytecode_0016.pyc	A70D0D0A	E3000000000000000000000000000000
17	55650	pylingual_bundle/bytecode_0017.marshal	pylingual_bundle/bytecode_0017.pyc	A70D0D0A	E3000000000000000000000000000000
18	699	pylingual_bundle/bytecode_0018.marshal	pylingual_bundle/bytecode_0018.pyc	A70D0D0A	E3000000000000000000000000000000
19	51792	pylingual_bundle/bytecode_0019.marshal	pylingual_bundle/bytecode_0019.pyc	A70D0D0A	E3000000000000000000000000000000
20	1875	pylingual_bundle/bytecode_0020.marshal	pylingual_bundle/bytecode_0020.pyc	A70D0D0A	E3000000000000000000000000000000
21	9350	pylingual_bundle/bytecode_0021.marshal	pylingual_bundle/bytecode_0021.pyc	A70D0D0A	E3000000000000000000000000000000
22	1945	pylingual_bundle/bytecode_0022.marshal	pylingual_bundle/bytecode_0022.pyc	A70D0D0A	E3000000000000000000000000000000
23	550	pylingual_bundle/bytecode_0023.marshal	pylingual_bundle/bytecode_0023.pyc	A70D0D0A	E3000000000000000000000000000000
24	6585	pylingual_bundle/bytecode_0024.marshal	pylingual_bundle/bytecode_0024.pyc	A70D0D0A	E3000000000000000000000000000000
25	28385	pylingual_bundle/bytecode_0025.marshal	pylingual_bundle/bytecode_0025.pyc	A70D0D0A	E3000000000000000000000000000000
26	2432	pylingual_bundle/bytecode_0026.marshal	pylingual_bundle/bytecode_0026.pyc	A70D0D0A	E3000000000000000000000000000000
27	2303	pylingual_bundle/bytecode_0027.marshal	pylingual_bundle/bytecode_0027.pyc	A70D0D0A	E3000000000000000000000000000000
28	11851	pylingual_bundle/bytecode_0028.marshal	pylingual_bundle/bytecode_0028.pyc	A70D0D0A	E3000000000000000000000000000000
29	14137	pylingual_bundle/bytecode_0029.marshal	pylingual_bundle/bytecode_0029.pyc	A70D0D0A	E3000000000000000000000000000000
30	193	pylingual_bundle/bytecode_0030.marshal	pylingual_bundle/bytecode_0030.pyc	A70D0D0A	E3000000000000000000000000000000
31	1041	pylingual_bundle/bytecode_0031.marshal	pylingual_bundle/bytecode_0031.pyc	A70D0D0A	E3000000000000000000000000000000
32	24588	pylingual_bundle/bytecode_0032.marshal	pylingual_bundle/bytecode_0032.pyc	A70D0D0A	E3000000000000000000000000000000
33	8262	pylingual_bundle/bytecode_0033.marshal	pylingual_bundle/bytecode_0033.pyc	A70D0D0A	E3000000000000000000000000000000
34	8264	pylingual_bundle/bytecode_0034.marshal	pylingual_bundle/bytecode_0034.pyc	A70D0D0A	E3000000000000000000000000000000
35	2056	pylingual_bundle/bytecode_0035.marshal	pylingual_bundle/bytecode_0035.pyc	A70D0D0A	E3000000000000000000000000000000
36	29444	pylingual_bundle/bytecode_0036.marshal	pylingual_bundle/bytecode_0036.pyc	A70D0D0A	E3000000000000000000000000000000
37	21918	pylingual_bundle/bytecode_0037.marshal	pylingual_bundle/bytecode_0037.pyc	A70D0D0A	E3000000000000000000000000000000
38	4147	pylingual_bundle/bytecode_0038.marshal	pylingual_bundle/bytecode_0038.pyc	A70D0D0A	E3000000000000000000000000000000
39	20360	pylingual_bundle/bytecode_0039.marshal	pylingual_bundle/bytecode_0039.pyc	A70D0D0A	E3000000000000000000000000000000
40	7026	pylingual_bundle/bytecode_0040.marshal	pylingual_bundle/bytecode_0040.pyc	A70D0D0A	E3000000000000000000000000000000
41	23937	pylingual_bundle/bytecode_0041.marshal	pylingual_bundle/bytecode_0041.pyc	A70D0D0A	E3000000000000000000000000000000
42	949	pylingual_bundle/bytecode_0042.marshal	pylingual_bundle/bytecode_0042.pyc	A70D0D0A	E3000000000000000000000000000000
43	12296	pylingual_bundle/bytecode_0043.marshal	pylingual_bundle/bytecode_0043.pyc	A70D0D0A	E3000000000000000000000000000000
44	7806	pylingual_bundle/bytecode_0044.marshal	pylingual_bundle/bytecode_0044.pyc	A70D0D0A	E3000000000000000000000000000000
45	24023	pylingual_bundle/bytecode_0045.marshal	pylingual_bundle/bytecode_0045.pyc	A70D0D0A	E3000000000000000000000000000000
46	4460	pylingual_bundle/bytecode_0046.marshal	pylingual_bundle/bytecode_0046.pyc	A70D0D0A	E3000000000000000000000000000000
47	17126	pylingual_bundle/bytecode_0047.marshal	pylingual_bundle/bytecode_0047.pyc	A70D0D0A	E3000000000000000000000000000000
48	12834	pylingual_bundle/bytecode_0048.marshal	pylingual_bundle/bytecode_0048.pyc	A70D0D0A	E3000000000000000000000000000000
49	2552	pylingual_bundle/bytecode_0049.marshal	pylingual_bundle/bytecode_0049.pyc	A70D0D0A	E3000000000000000000000000000000
50	10834	pylingual_bundle/bytecode_0050.marshal	pylingual_bundle/bytecode_0050.pyc	A70D0D0A	E3000000000000000000000000000000
51	26267	pylingual_bundle/bytecode_0051.marshal	pylingual_bundle/bytecode_0051.pyc	A70D0D0A	E3000000000000000000000000000000
52	26687	pylingual_bundle/bytecode_0052.marshal	pylingual_bundle/bytecode_0052.pyc	A70D0D0A	E3000000000000000000000000000000
53	9962	pylingual_bundle/bytecode_0053.marshal	pylingual_bundle/bytecode_0053.pyc	A70D0D0A	E3000000000000000000000000000000
54	4824	pylingual_bundle/bytecode_0054.marshal	pylingual_bundle/bytecode_0054.pyc	A70D0D0A	E3000000000000000000000000000000
55	12671	pylingual_bundle/bytecode_0055.marshal	pylingual_bundle/bytecode_0055.pyc	A70D0D0A	E3000000000000000000000000000000
56	9921	pylingual_bundle/bytecode_0056.marshal	pylingual_bundle/bytecode_0056.pyc	A70D0D0A	E3000000000000000000000000000000
57	33141	pylingual_bundle/bytecode_0057.marshal	pylingual_bundle/bytecode_0057.pyc	A70D0D0A	E3000000000000000000000000000000
58	5559	pylingual_bundle/bytecode_0058.marshal	pylingual_bundle/bytecode_0058.pyc	A70D0D0A	E3000000000000000000000000000000
59	48408	pylingual_bundle/bytecode_0059.marshal	pylingual_bundle/bytecode_0059.pyc	A70D0D0A	E3000000000000000000000000000000
60	202	pylingual_bundle/bytecode_0060.marshal	pylingual_bundle/bytecode_0060.pyc	A70D0D0A	E3000000000000000000000000000000
61	3229	pylingual_bundle/bytecode_0061.marshal	pylingual_bundle/bytecode_0061.pyc	A70D0D0A	E3000000000000000000000000000000
62	90	pylingual_bundle/bytecode_0062.marshal	pylingual_bundle/bytecode_0062.pyc	A70D0D0A	E3000000000000000000000000000000
63	1062	pylingual_bundle/bytecode_0063.marshal	pylingual_bundle/bytecode_0063.pyc	A70D0D0A	E3000000000000000000000000000000
64	22197	pylingual_bundle/bytecode_0064.marshal	pylingual_bundle/bytecode_0064.pyc	A70D0D0A	E3000000000000000000000000000000
65	21711	pylingual_bundle/bytecode_0065.marshal	pylingual_bundle/bytecode_0065.pyc	A70D0D0A	E3000000000000000000000000000000
66	5929	pylingual_bundle/bytecode_0066.marshal	pylingual_bundle/bytecode_0066.pyc	A70D0D0A	E3000000000000000000000000000000
67	45421	pylingual_bundle/bytecode_0067.marshal	pylingual_bundle/bytecode_0067.pyc	A70D0D0A	E3000000000000000000000000000000
68	20859	pylingual_bundle/bytecode_0068.marshal	pylingual_bundle/bytecode_0068.pyc	A70D0D0A	E3000000000000000000000000000000
69	210	pylingual_bundle/bytecode_0069.marshal	pylingual_bundle/bytecode_0069.pyc	A70D0D0A	E3000000000000000000000000000000
70	6960	pylingual_bundle/bytecode_0070.marshal	pylingual_bundle/bytecode_0070.pyc	A70D0D0A	E3000000000000000000000000000000
71	4647	pylingual_bundle/bytecode_0071.marshal	pylingual_bundle/bytecode_0071.pyc	A70D0D0A	E3000000000000000000000000000000
72	11762	pylingual_bundle/bytecode_0072.marshal	pylingual_bundle/bytecode_0072.pyc	A70D0D0A	E3000000000000000000000000000000
73	15837	pylingual_bundle/bytecode_0073.marshal	pylingual_bundle/bytecode_0073.pyc	A70D0D0A	E3000000000000000000000000000000
74	1865	pylingual_bundle/bytecode_0074.marshal	pylingual_bundle/bytecode_0074.pyc	A70D0D0A	E3000000000000000000000000000000
75	8276	pylingual_bundle/bytecode_0075.marshal	pylingual_bundle/bytecode_0075.pyc	A70D0D0A	E3000000000000000000000000000000
76	4822	pylingual_bundle/bytecode_0076.marshal	pylingual_bundle/bytecode_0076.pyc	A70D0D0A	E3000000000000000000000000000000
77	26509	pylingual_bundle/bytecode_0077.marshal	pylingual_bundle/bytecode_0077.pyc	A70D0D0A	E3000000000000000000000000000000
78	56497	pylingual_bundle/bytecode_0078.marshal	pylingual_bundle/bytecode_0078.pyc	A70D0D0A	E3000000000000000000000000000000
79	326	pylingual_bundle/bytecode_0079.marshal	pylingual_bundle/bytecode_0079.pyc	A70D0D0A	E3000000000000000000000000000000
80	58869	pylingual_bundle/bytecode_0080.marshal	pylingual_bundle/bytecode_0080.pyc	A70D0D0A	E3000000000000000000000000000000
81	15620	pylingual_bundle/bytecode_0081.marshal	pylingual_bundle/bytecode_0081.pyc	A70D0D0A	E3000000000000000000000000000000
82	1515	pylingual_bundle/bytecode_0082.marshal	pylingual_bundle/bytecode_0082.pyc	A70D0D0A	E3000000000000000000000000000000
83	5704	pylingual_bundle/bytecode_0083.marshal	pylingual_bundle/bytecode_0083.pyc	A70D0D0A	E3000000000000000000000000000000
84	77759	pylingual_bundle/bytecode_0084.marshal	pylingual_bundle/bytecode_0084.pyc	A70D0D0A	E3000000000000000000000000000000
85	12476	pylingual_bundle/bytecode_0085.marshal	pylingual_bundle/bytecode_0085.pyc	A70D0D0A	E3000000000000000000000000000000
86	14746	pylingual_bundle/bytecode_0086.marshal	pylingual_bundle/bytecode_0086.pyc	A70D0D0A	E3000000000000000000000000000000
87	3204	pylingual_bundle/bytecode_0087.marshal	pylingual_bundle/bytecode_0087.pyc	A70D0D0A	E3000000000000000000000000000000
88	11539	pylingual_bundle/bytecode_0088.marshal	pylingual_bundle/bytecode_0088.pyc	A70D0D0A	E3000000000000000000000000000000
89	7353	pylingual_bundle/bytecode_0089.marshal	pylingual_bundle/bytecode_0089.pyc	A70D0D0A	E3000000000000000000000000000000
90	1591	pylingual_bundle/bytecode_0090.marshal	pylingual_bundle/bytecode_0090.pyc	A70D0D0A	E3000000000000000000000000000000
91	5666	pylingual_bundle/bytecode_0091.marshal	pylingual_bundle/bytecode_0091.pyc	A70D0D0A	E3000000000000000000000000000000
92	10542	pylingual_bundle/bytecode_0092.marshal	pylingual_bundle/bytecode_0092.pyc	A70D0D0A	E3000000000000000000000000000000
93	12565	pylingual_bundle/bytecode_0093.marshal	pylingual_bundle/bytecode_0093.pyc	A70D0D0A	E3000000000000000000000000000000
94	16426	pylingual_bundle/bytecode_0094.marshal	pylingual_bundle/bytecode_0094.pyc	A70D0D0A	E3000000000000000000000000000000
95	21869	pylingual_bundle/bytecode_0095.marshal	pylingual_bundle/bytecode_0095.pyc	A70D0D0A	E3000000000000000000000000000000
96	1932	pylingual_bundle/bytecode_0096.marshal	pylingual_bundle/bytecode_0096.pyc	A70D0D0A	E3000000000000000000000000000000
97	37768	pylingual_bundle/bytecode_0097.marshal	pylingual_bundle/bytecode_0097.pyc	A70D0D0A	E3000000000000000000000000000000
98	5637	pylingual_bundle/bytecode_0098.marshal	pylingual_bundle/bytecode_0098.pyc	A70D0D0A	E3000000000000000000000000000000
99	9617	pylingual_bundle/bytecode_0099.marshal	pylingual_bundle/bytecode_0099.pyc	A70D0D0A	E3000000000000000000000000000000
100	7587	pylingual_bundle/bytecode_0100.marshal	pylingual_bundle/bytecode_0100.pyc	A70D0D0A	E3000000000000000000000000000000
101	9651	pylingual_bundle/bytecode_0101.marshal	pylingual_bundle/bytecode_0101.pyc	A70D0D0A	E3000000000000000000000000000000
102	3830	pylingual_bundle/bytecode_0102.marshal	pylingual_bundle/bytecode_0102.pyc	A70D0D0A	E3000000000000000000000000000000
103	10885	pylingual_bundle/bytecode_0103.marshal	pylingual_bundle/bytecode_0103.pyc	A70D0D0A	E3000000000000000000000000000000
104	1776	pylingual_bundle/bytecode_0104.marshal	pylingual_bundle/bytecode_0104.pyc	A70D0D0A	E3000000000000000000000000000000
105	2211	pylingual_bundle/bytecode_0105.marshal	pylingual_bundle/bytecode_0105.pyc	A70D0D0A	E3000000000000000000000000000000
106	1330	pylingual_bundle/bytecode_0106.marshal	pylingual_bundle/bytecode_0106.pyc	A70D0D0A	E3000000000000000000000000000000
107	1340	pylingual_bundle/bytecode_0107.marshal	pylingual_bundle/bytecode_0107.pyc	A70D0D0A	E3000000000000000000000000000000
108	3050	pylingual_bundle/bytecode_0108.marshal	pylingual_bundle/bytecode_0108.pyc	A70D0D0A	E3000000000000000000000000000000
109	2683	pylingual_bundle/bytecode_0109.marshal	pylingual_bundle/bytecode_0109.pyc	A70D0D0A	E3000000000000000000000000000000
110	2314	pylingual_bundle/bytecode_0110.marshal	pylingual_bundle/bytecode_0110.pyc	A70D0D0A	E3000000000000000000000000000000
111	2390	pylingual_bundle/bytecode_0111.marshal	pylingual_bundle/bytecode_0111.pyc	A70D0D0A	E3000000000000000000000000000000
112	2318	pylingual_bundle/bytecode_0112.marshal	pylingual_bundle/bytecode_0112.pyc	A70D0D0A	E3000000000000000000000000000000
113	9255	pylingual_bundle/bytecode_0113.marshal	pylingual_bundle/bytecode_0113.pyc	A70D0D0A	E3000000000000000000000000000000
114	2304	pylingual_bundle/bytecode_0114.marshal	pylingual_bundle/bytecode_0114.pyc	A70D0D0A	E3000000000000000000000000000000
115	2341	pylingual_bundle/bytecode_0115.marshal	pylingual_bundle/bytecode_0115.pyc	A70D0D0A	E3000000000000000000000000000000
116	2338	pylingual_bundle/bytecode_0116.marshal	pylingual_bundle/bytecode_0116.pyc	A70D0D0A	E3000000000000000000000000000000
117	2341	pylingual_bundle/bytecode_0117.marshal	pylingual_bundle/bytecode_0117.pyc	A70D0D0A	E3000000000000000000000000000000
118	2354	pylingual_bundle/bytecode_0118.marshal	pylingual_bundle/bytecode_0118.pyc	A70D0D0A	E3000000000000000000000000000000
119	2343	pylingual_bundle/bytecode_0119.marshal	pylingual_bundle/bytecode_0119.pyc	A70D0D0A	E3000000000000000000000000000000
120	2362	pylingual_bundle/bytecode_0120.marshal	pylingual_bundle/bytecode_0120.pyc	A70D0D0A	E3000000000000000000000000000000
121	2340	pylingual_bundle/bytecode_0121.marshal	pylingual_bundle/bytecode_0121.pyc	A70D0D0A	E3000000000000000000000000000000
122	2348	pylingual_bundle/bytecode_0122.marshal	pylingual_bundle/bytecode_0122.pyc	A70D0D0A	E3000000000000000000000000000000
123	2346	pylingual_bundle/bytecode_0123.marshal	pylingual_bundle/bytecode_0123.pyc	A70D0D0A	E3000000000000000000000000000000
124	2300	pylingual_bundle/bytecode_0124.marshal	pylingual_bundle/bytecode_0124.pyc	A70D0D0A	E3000000000000000000000000000000
125	2344	pylingual_bundle/bytecode_0125.marshal	pylingual_bundle/bytecode_0125.pyc	A70D0D0A	E3000000000000000000000000000000
126	8888	pylingual_bundle/bytecode_0126.marshal	pylingual_bundle/bytecode_0126.pyc	A70D0D0A	E3000000000000000000000000000000
127	2314	pylingual_bundle/bytecode_0127.marshal	pylingual_bundle/bytecode_0127.pyc	A70D0D0A	E3000000000000000000000000000000
128	2411	pylingual_bundle/bytecode_0128.marshal	pylingual_bundle/bytecode_0128.pyc	A70D0D0A	E3000000000000000000000000000000
129	9290	pylingual_bundle/bytecode_0129.marshal	pylingual_bundle/bytecode_0129.pyc	A70D0D0A	E3000000000000000000000000000000
130	8928	pylingual_bundle/bytecode_0130.marshal	pylingual_bundle/bytecode_0130.pyc	A70D0D0A	E3000000000000000000000000000000
131	8469	pylingual_bundle/bytecode_0131.marshal	pylingual_bundle/bytecode_0131.pyc	A70D0D0A	E3000000000000000000000000000000
132	8944	pylingual_bundle/bytecode_0132.marshal	pylingual_bundle/bytecode_0132.pyc	A70D0D0A	E3000000000000000000000000000000
133	9257	pylingual_bundle/bytecode_0133.marshal	pylingual_bundle/bytecode_0133.pyc	A70D0D0A	E3000000000000000000000000000000
134	2376	pylingual_bundle/bytecode_0134.marshal	pylingual_bundle/bytecode_0134.pyc	A70D0D0A	E3000000000000000000000000000000
135	8368	pylingual_bundle/bytecode_0135.marshal	pylingual_bundle/bytecode_0135.pyc	A70D0D0A	E3000000000000000000000000000000
136	8439	pylingual_bundle/bytecode_0136.marshal	pylingual_bundle/bytecode_0136.pyc	A70D0D0A	E3000000000000000000000000000000
137	8859	pylingual_bundle/bytecode_0137.marshal	pylingual_bundle/bytecode_0137.pyc	A70D0D0A	E3000000000000000000000000000000
138	8884	pylingual_bundle/bytecode_0138.marshal	pylingual_bundle/bytecode_0138.pyc	A70D0D0A	E3000000000000000000000000000000
139	9117	pylingual_bundle/bytecode_0139.marshal	pylingual_bundle/bytecode_0139.pyc	A70D0D0A	E3000000000000000000000000000000
140	8880	pylingual_bundle/bytecode_0140.marshal	pylingual_bundle/bytecode_0140.pyc	A70D0D0A	E3000000000000000000000000000000
141	9027	pylingual_bundle/bytecode_0141.marshal	pylingual_bundle/bytecode_0141.pyc	A70D0D0A	E3000000000000000000000000000000
142	8884	pylingual_bundle/bytecode_0142.marshal	pylingual_bundle/bytecode_0142.pyc	A70D0D0A	E3000000000000000000000000000000
143	9297	pylingual_bundle/bytecode_0143.marshal	pylingual_bundle/bytecode_0143.pyc	A70D0D0A	E3000000000000000000000000000000
144	8932	pylingual_bundle/bytecode_0144.marshal	pylingual_bundle/bytecode_0144.pyc	A70D0D0A	E3000000000000000000000000000000
145	2442	pylingual_bundle/bytecode_0145.marshal	pylingual_bundle/bytecode_0145.pyc	A70D0D0A	E3000000000000000000000000000000
146	2311	pylingual_bundle/bytecode_0146.marshal	pylingual_bundle/bytecode_0146.pyc	A70D0D0A	E3000000000000000000000000000000
147	1332	pylingual_bundle/bytecode_0147.marshal	pylingual_bundle/bytecode_0147.pyc	A70D0D0A	E3000000000000000000000000000000
148	1332	pylingual_bundle/bytecode_0148.marshal	pylingual_bundle/bytecode_0148.pyc	A70D0D0A	E3000000000000000000000000000000
149	1332	pylingual_bundle/bytecode_0149.marshal	pylingual_bundle/bytecode_0149.pyc	A70D0D0A	E3000000000000000000000000000000
150	1346	pylingual_bundle/bytecode_0150.marshal	pylingual_bundle/bytecode_0150.pyc	A70D0D0A	E3000000000000000000000000000000
151	1346	pylingual_bundle/bytecode_0151.marshal	pylingual_bundle/bytecode_0151.pyc	A70D0D0A	E3000000000000000000000000000000
152	1334	pylingual_bundle/bytecode_0152.marshal	pylingual_bundle/bytecode_0152.pyc	A70D0D0A	E3000000000000000000000000000000
153	1334	pylingual_bundle/bytecode_0153.marshal	pylingual_bundle/bytecode_0153.pyc	A70D0D0A	E3000000000000000000000000000000
154	1336	pylingual_bundle/bytecode_0154.marshal	pylingual_bundle/bytecode_0154.pyc	A70D0D0A	E3000000000000000000000000000000
155	1334	pylingual_bundle/bytecode_0155.marshal	pylingual_bundle/bytecode_0155.pyc	A70D0D0A	E3000000000000000000000000000000
156	1328	pylingual_bundle/bytecode_0156.marshal	pylingual_bundle/bytecode_0156.pyc	A70D0D0A	E3000000000000000000000000000000
157	2198	pylingual_bundle/bytecode_0157.marshal	pylingual_bundle/bytecode_0157.pyc	A70D0D0A	E3000000000000000000000000000000
158	2515	pylingual_bundle/bytecode_0158.marshal	pylingual_bundle/bytecode_0158.pyc	A70D0D0A	E3000000000000000000000000000000
159	1326	pylingual_bundle/bytecode_0159.marshal	pylingual_bundle/bytecode_0159.pyc	A70D0D0A	E3000000000000000000000000000000
160	5573	pylingual_bundle/bytecode_0160.marshal	pylingual_bundle/bytecode_0160.pyc	A70D0D0A	E3000000000000000000000000000000
161	1347	pylingual_bundle/bytecode_0161.marshal	pylingual_bundle/bytecode_0161.pyc	A70D0D0A	E3000000000000000000000000000000
162	1351	pylingual_bundle/bytecode_0162.marshal	pylingual_bundle/bytecode_0162.pyc	A70D0D0A	E3000000000000000000000000000000
163	1351	pylingual_bundle/bytecode_0163.marshal	pylingual_bundle/bytecode_0163.pyc	A70D0D0A	E3000000000000000000000000000000
164	1357	pylingual_bundle/bytecode_0164.marshal	pylingual_bundle/bytecode_0164.pyc	A70D0D0A	E3000000000000000000000000000000
165	1351	pylingual_bundle/bytecode_0165.marshal	pylingual_bundle/bytecode_0165.pyc	A70D0D0A	E3000000000000000000000000000000
166	1355	pylingual_bundle/bytecode_0166.marshal	pylingual_bundle/bytecode_0166.pyc	A70D0D0A	E3000000000000000000000000000000
167	1347	pylingual_bundle/bytecode_0167.marshal	pylingual_bundle/bytecode_0167.pyc	A70D0D0A	E3000000000000000000000000000000
168	2313	pylingual_bundle/bytecode_0168.marshal	pylingual_bundle/bytecode_0168.pyc	A70D0D0A	E3000000000000000000000000000000
169	2318	pylingual_bundle/bytecode_0169.marshal	pylingual_bundle/bytecode_0169.pyc	A70D0D0A	E3000000000000000000000000000000
170	2412	pylingual_bundle/bytecode_0170.marshal	pylingual_bundle/bytecode_0170.pyc	A70D0D0A	E3000000000000000000000000000000
171	2321	pylingual_bundle/bytecode_0171.marshal	pylingual_bundle/bytecode_0171.pyc	A70D0D0A	E3000000000000000000000000000000
172	2339	pylingual_bundle/bytecode_0172.marshal	pylingual_bundle/bytecode_0172.pyc	A70D0D0A	E3000000000000000000000000000000
173	2318	pylingual_bundle/bytecode_0173.marshal	pylingual_bundle/bytecode_0173.pyc	A70D0D0A	E3000000000000000000000000000000
174	2320	pylingual_bundle/bytecode_0174.marshal	pylingual_bundle/bytecode_0174.pyc	A70D0D0A	E3000000000000000000000000000000
175	2313	pylingual_bundle/bytecode_0175.marshal	pylingual_bundle/bytecode_0175.pyc	A70D0D0A	E3000000000000000000000000000000
176	2320	pylingual_bundle/bytecode_0176.marshal	pylingual_bundle/bytecode_0176.pyc	A70D0D0A	E3000000000000000000000000000000
177	2313	pylingual_bundle/bytecode_0177.marshal	pylingual_bundle/bytecode_0177.pyc	A70D0D0A	E3000000000000000000000000000000
178	2314	pylingual_bundle/bytecode_0178.marshal	pylingual_bundle/bytecode_0178.pyc	A70D0D0A	E3000000000000000000000000000000
179	2358	pylingual_bundle/bytecode_0179.marshal	pylingual_bundle/bytecode_0179.pyc	A70D0D0A	E3000000000000000000000000000000
180	2321	pylingual_bundle/bytecode_0180.marshal	pylingual_bundle/bytecode_0180.pyc	A70D0D0A	E3000000000000000000000000000000
181	2352	pylingual_bundle/bytecode_0181.marshal	pylingual_bundle/bytecode_0181.pyc	A70D0D0A	E3000000000000000000000000000000
182	2313	pylingual_bundle/bytecode_0182.marshal	pylingual_bundle/bytecode_0182.pyc	A70D0D0A	E3000000000000000000000000000000
183	1332	pylingual_bundle/bytecode_0183.marshal	pylingual_bundle/bytecode_0183.pyc	A70D0D0A	E3000000000000000000000000000000
184	2365	pylingual_bundle/bytecode_0184.marshal	pylingual_bundle/bytecode_0184.pyc	A70D0D0A	E3000000000000000000000000000000
185	2276	pylingual_bundle/bytecode_0185.marshal	pylingual_bundle/bytecode_0185.pyc	A70D0D0A	E3000000000000000000000000000000
186	2351	pylingual_bundle/bytecode_0186.marshal	pylingual_bundle/bytecode_0186.pyc	A70D0D0A	E3000000000000000000000000000000
187	2328	pylingual_bundle/bytecode_0187.marshal	pylingual_bundle/bytecode_0187.pyc	A70D0D0A	E3000000000000000000000000000000
188	1788	pylingual_bundle/bytecode_0188.marshal	pylingual_bundle/bytecode_0188.pyc	A70D0D0A	E3000000000000000000000000000000
189	8774	pylingual_bundle/bytecode_0189.marshal	pylingual_bundle/bytecode_0189.pyc	A70D0D0A	E3000000000000000000000000000000
190	2360	pylingual_bundle/bytecode_0190.marshal	pylingual_bundle/bytecode_0190.pyc	A70D0D0A	E3000000000000000000000000000000
191	2350	pylingual_bundle/bytecode_0191.marshal	pylingual_bundle/bytecode_0191.pyc	A70D0D0A	E3000000000000000000000000000000
192	2294	pylingual_bundle/bytecode_0192.marshal	pylingual_bundle/bytecode_0192.pyc	A70D0D0A	E3000000000000000000000000000000
193	2334	pylingual_bundle/bytecode_0193.marshal	pylingual_bundle/bytecode_0193.pyc	A70D0D0A	E3000000000000000000000000000000
194	2353	pylingual_bundle/bytecode_0194.marshal	pylingual_bundle/bytecode_0194.pyc	A70D0D0A	E3000000000000000000000000000000
195	2494	pylingual_bundle/bytecode_0195.marshal	pylingual_bundle/bytecode_0195.pyc	A70D0D0A	E3000000000000000000000000000000
196	2351	pylingual_bundle/bytecode_0196.marshal	pylingual_bundle/bytecode_0196.pyc	A70D0D0A	E3000000000000000000000000000000
197	2361	pylingual_bundle/bytecode_0197.marshal	pylingual_bundle/bytecode_0197.pyc	A70D0D0A	E3000000000000000000000000000000
198	2354	pylingual_bundle/bytecode_0198.marshal	pylingual_bundle/bytecode_0198.pyc	A70D0D0A	E3000000000000000000000000000000
199	1646	pylingual_bundle/bytecode_0199.marshal	pylingual_bundle/bytecode_0199.pyc	A70D0D0A	E3000000000000000000000000000000
200	1459	pylingual_bundle/bytecode_0200.marshal	pylingual_bundle/bytecode_0200.pyc	A70D0D0A	E3000000000000000000000000000000
201	2341	pylingual_bundle/bytecode_0201.marshal	pylingual_bundle/bytecode_0201.pyc	A70D0D0A	E3000000000000000000000000000000
202	2435	pylingual_bundle/bytecode_0202.marshal	pylingual_bundle/bytecode_0202.pyc	A70D0D0A	E3000000000000000000000000000000
203	6269	pylingual_bundle/bytecode_0203.marshal	pylingual_bundle/bytecode_0203.pyc	A70D0D0A	E3000000000000000000000000000000
204	2281	pylingual_bundle/bytecode_0204.marshal	pylingual_bundle/bytecode_0204.pyc	A70D0D0A	E3000000000000000000000000000000
205	1922	pylingual_bundle/bytecode_0205.marshal	pylingual_bundle/bytecode_0205.pyc	A70D0D0A	E3000000000000000000000000000000
206	2955	pylingual_bundle/bytecode_0206.marshal	pylingual_bundle/bytecode_0206.pyc	A70D0D0A	E3000000000000000000000000000000
207	1340	pylingual_bundle/bytecode_0207.marshal	pylingual_bundle/bytecode_0207.pyc	A70D0D0A	E3000000000000000000000000000000
208	1350	pylingual_bundle/bytecode_0208.marshal	pylingual_bundle/bytecode_0208.pyc	A70D0D0A	E3000000000000000000000000000000
209	1350	pylingual_bundle/bytecode_0209.marshal	pylingual_bundle/bytecode_0209.pyc	A70D0D0A	E3000000000000000000000000000000
210	2403	pylingual_bundle/bytecode_0210.marshal	pylingual_bundle/bytecode_0210.pyc	A70D0D0A	E3000000000000000000000000000000
211	1979	pylingual_bundle/bytecode_0211.marshal	pylingual_bundle/bytecode_0211.pyc	A70D0D0A	E3000000000000000000000000000000
212	1902	pylingual_bundle/bytecode_0212.marshal	pylingual_bundle/bytecode_0212.pyc	A70D0D0A	E3000000000000000000000000000000
213	4808	pylingual_bundle/bytecode_0213.marshal	pylingual_bundle/bytecode_0213.pyc	A70D0D0A	E3000000000000000000000000000000
214	1581	pylingual_bundle/bytecode_0214.marshal	pylingual_bundle/bytecode_0214.pyc	A70D0D0A	E3000000000000000000000000000000
215	1581	pylingual_bundle/bytecode_0215.marshal	pylingual_bundle/bytecode_0215.pyc	A70D0D0A	E3000000000000000000000000000000
216	4701	pylingual_bundle/bytecode_0216.marshal	pylingual_bundle/bytecode_0216.pyc	A70D0D0A	E3000000000000000000000000000000
217	1474	pylingual_bundle/bytecode_0217.marshal	pylingual_bundle/bytecode_0217.pyc	A70D0D0A	E3000000000000000000000000000000
218	1474	pylingual_bundle/bytecode_0218.marshal	pylingual_bundle/bytecode_0218.pyc	A70D0D0A	E3000000000000000000000000000000
219	1502	pylingual_bundle/bytecode_0219.marshal	pylingual_bundle/bytecode_0219.pyc	A70D0D0A	E3000000000000000000000000000000
220	1561	pylingual_bundle/bytecode_0220.marshal	pylingual_bundle/bytecode_0220.pyc	A70D0D0A	E3000000000000000000000000000000
221	4358	pylingual_bundle/bytecode_0221.marshal	pylingual_bundle/bytecode_0221.pyc	A70D0D0A	E3000000000000000000000000000000
222	3150	pylingual_bundle/bytecode_0222.marshal	pylingual_bundle/bytecode_0222.pyc	A70D0D0A	E3000000000000000000000000000000
223	2811	pylingual_bundle/bytecode_0223.marshal	pylingual_bundle/bytecode_0223.pyc	A70D0D0A	E3000000000000000000000000000000
224	26027	pylingual_bundle/bytecode_0224.marshal	pylingual_bundle/bytecode_0224.pyc	A70D0D0A	E3000000000000000000000000000000
225	8713	pylingual_bundle/bytecode_0225.marshal	pylingual_bundle/bytecode_0225.pyc	A70D0D0A	E3000000000000000000000000000000
226	14028	pylingual_bundle/bytecode_0226.marshal	pylingual_bundle/bytecode_0226.pyc	A70D0D0A	E3000000000000000000000000000000
227	4208	pylingual_bundle/bytecode_0227.marshal	pylingual_bundle/bytecode_0227.pyc	A70D0D0A	E3000000000000000000000000000000
228	18564	pylingual_bundle/bytecode_0228.marshal	pylingual_bundle/bytecode_0228.pyc	A70D0D0A	E3000000000000000000000000000000
229	28941	pylingual_bundle/bytecode_0229.marshal	pylingual_bundle/bytecode_0229.pyc	A70D0D0A	E3000000000000000000000000000000
230	28299	pylingual_bundle/bytecode_0230.marshal	pylingual_bundle/bytecode_0230.pyc	A70D0D0A	E3000000000000000000000000000000
231	3871	pylingual_bundle/bytecode_0231.marshal	pylingual_bundle/bytecode_0231.pyc	A70D0D0A	E3000000000000000000000000000000
232	6303	pylingual_bundle/bytecode_0232.marshal	pylingual_bundle/bytecode_0232.pyc	A70D0D0A	E3000000000000000000000000000000
233	4174	pylingual_bundle/bytecode_0233.marshal	pylingual_bundle/bytecode_0233.pyc	A70D0D0A	E3000000000000000000000000000000
234	18074	pylingual_bundle/bytecode_0234.marshal	pylingual_bundle/bytecode_0234.pyc	A70D0D0A	E3000000000000000000000000000000
235	5816	pylingual_bundle/bytecode_0235.marshal	pylingual_bundle/bytecode_0235.pyc	A70D0D0A	E3000000000000000000000000000000
236	7580	pylingual_bundle/bytecode_0236.marshal	pylingual_bundle/bytecode_0236.pyc	A70D0D0A	E3000000000000000000000000000000
237	18510	pylingual_bundle/bytecode_0237.marshal	pylingual_bundle/bytecode_0237.pyc	A70D0D0A	E3000000000000000000000000000000
238	6809	pylingual_bundle/bytecode_0238.marshal	pylingual_bundle/bytecode_0238.pyc	A70D0D0A	E3000000000000000000000000000000
239	13829	pylingual_bundle/bytecode_0239.marshal	pylingual_bundle/bytecode_0239.pyc	A70D0D0A	E3000000000000000000000000000000
240	6937	pylingual_bundle/bytecode_0240.marshal	pylingual_bundle/bytecode_0240.pyc	A70D0D0A	E3000000000000000000000000000000
241	3278	pylingual_bundle/bytecode_0241.marshal	pylingual_bundle/bytecode_0241.pyc	A70D0D0A	E3000000000000000000000000000000
242	144394	pylingual_bundle/bytecode_0242.marshal	pylingual_bundle/bytecode_0242.pyc	A70D0D0A	E3000000000000000000000000000000
243	10728	pylingual_bundle/bytecode_0243.marshal	pylingual_bundle/bytecode_0243.pyc	A70D0D0A	E3000000000000000000000000000000
244	6371	pylingual_bundle/bytecode_0244.marshal	pylingual_bundle/bytecode_0244.pyc	A70D0D0A	E3000000000000000000000000000000
245	35077	pylingual_bundle/bytecode_0245.marshal	pylingual_bundle/bytecode_0245.pyc	A70D0D0A	E3000000000000000000000000000000
246	53404	pylingual_bundle/bytecode_0246.marshal	pylingual_bundle/bytecode_0246.pyc	A70D0D0A	E3000000000000000000000000000000
247	15302	pylingual_bundle/bytecode_0247.marshal	pylingual_bundle/bytecode_0247.pyc	A70D0D0A	E3000000000000000000000000000000
248	34721	pylingual_bundle/bytecode_0248.marshal	pylingual_bundle/bytecode_0248.pyc	A70D0D0A	E3000000000000000000000000000000
249	42276	pylingual_bundle/bytecode_0249.marshal	pylingual_bundle/bytecode_0249.pyc	A70D0D0A	E3000000000000000000000000000000
250	3869	pylingual_bundle/bytecode_0250.marshal	pylingual_bundle/bytecode_0250.pyc	A70D0D0A	E3000000000000000000000000000000
251	9750	pylingual_bundle/bytecode_0251.marshal	pylingual_bundle/bytecode_0251.pyc	A70D0D0A	E3000000000000000000000000000000
252	3760	pylingual_bundle/bytecode_0252.marshal	pylingual_bundle/bytecode_0252.pyc	A70D0D0A	E3000000000000000000000000000000
253	1935	pylingual_bundle/bytecode_0253.marshal	pylingual_bundle/bytecode_0253.pyc	A70D0D0A	E3000000000000000000000000000000
254	3667	pylingual_bundle/bytecode_0254.marshal	pylingual_bundle/bytecode_0254.pyc	A70D0D0A	E3000000000000000000000000000000
255	30092	pylingual_bundle/bytecode_0255.marshal	pylingual_bundle/bytecode_0255.pyc	A70D0D0A	E3000000000000000000000000000000
256	44277	pylingual_bundle/bytecode_0256.marshal	pylingual_bundle/bytecode_0256.pyc	A70D0D0A	E3000000000000000000000000000000
257	2931	pylingual_bundle/bytecode_0257.marshal	pylingual_bundle/bytecode_0257.pyc	A70D0D0A	E3000000000000000000000000000000
258	15855	pylingual_bundle/bytecode_0258.marshal	pylingual_bundle/bytecode_0258.pyc	A70D0D0A	E3000000000000000000000000000000
259	908	pylingual_bundle/bytecode_0259.marshal	pylingual_bundle/bytecode_0259.pyc	A70D0D0A	E3000000000000000000000000000000
260	36734	pylingual_bundle/bytecode_0260.marshal	pylingual_bundle/bytecode_0260.pyc	A70D0D0A	E3000000000000000000000000000000
261	2308	pylingual_bundle/bytecode_0261.marshal	pylingual_bundle/bytecode_0261.pyc	A70D0D0A	E3000000000000000000000000000000
262	1483	pylingual_bundle/bytecode_0262.marshal	pylingual_bundle/bytecode_0262.pyc	A70D0D0A	E3000000000000000000000000000000
263	2602	pylingual_bundle/bytecode_0263.marshal	pylingual_bundle/bytecode_0263.pyc	A70D0D0A	E3000000000000000000000000000000
264	535	pylingual_bundle/bytecode_0264.marshal	pylingual_bundle/bytecode_0264.pyc	A70D0D0A	E3000000000000000000000000000000
265	2228	pylingual_bundle/bytecode_0265.marshal	pylingual_bundle/bytecode_0265.pyc	A70D0D0A	E3000000000000000000000000000000
266	3024	pylingual_bundle/bytecode_0266.marshal	pylingual_bundle/bytecode_0266.pyc	A70D0D0A	E3000000000000000000000000000000
267	5146	pylingual_bundle/bytecode_0267.marshal	pylingual_bundle/bytecode_0267.pyc	A70D0D0A	E3000000000000000000000000000000
268	5333	pylingual_bundle/bytecode_0268.marshal	pylingual_bundle/bytecode_0268.pyc	A70D0D0A	E3000000000000000000000000000000
269	9293	pylingual_bundle/bytecode_0269.marshal	pylingual_bundle/bytecode_0269.pyc	A70D0D0A	E3000000000000000000000000000000
270	84864	pylingual_bundle/bytecode_0270.marshal	pylingual_bundle/bytecode_0270.pyc	A70D0D0A	E3000000000000000000000000000000
271	3627	pylingual_bundle/bytecode_0271.marshal	pylingual_bundle/bytecode_0271.pyc	A70D0D0A	E3000000000000000000000000000000
272	61415	pylingual_bundle/bytecode_0272.marshal	pylingual_bundle/bytecode_0272.pyc	A70D0D0A	E3000000000000000000000000000000
273	12219	pylingual_bundle/bytecode_0273.marshal	pylingual_bundle/bytecode_0273.pyc	A70D0D0A	E3000000000000000000000000000000
274	9730	pylingual_bundle/bytecode_0274.marshal	pylingual_bundle/bytecode_0274.pyc	A70D0D0A	E3000000000000000000000000000000
275	11081	pylingual_bundle/bytecode_0275.marshal	pylingual_bundle/bytecode_0275.pyc	A70D0D0A	E3000000000000000000000000000000
276	1880	pylingual_bundle/bytecode_0276.marshal	pylingual_bundle/bytecode_0276.pyc	A70D0D0A	E3000000000000000000000000000000
277	891	pylingual_bundle/bytecode_0277.marshal	pylingual_bundle/bytecode_0277.pyc	A70D0D0A	E3000000000000000000000000000000
278	4106	pylingual_bundle/bytecode_0278.marshal	pylingual_bundle/bytecode_0278.pyc	A70D0D0A	E3000000000000000000000000000000
279	46129	pylingual_bundle/bytecode_0279.marshal	pylingual_bundle/bytecode_0279.pyc	A70D0D0A	E3000000000000000000000000000000
280	66858	pylingual_bundle/bytecode_0280.marshal	pylingual_bundle/bytecode_0280.pyc	A70D0D0A	E3000000000000000000000000000000
281	12064	pylingual_bundle/bytecode_0281.marshal	pylingual_bundle/bytecode_0281.pyc	A70D0D0A	E3000000000000000000000000000000
282	7284	pylingual_bundle/bytecode_0282.marshal	pylingual_bundle/bytecode_0282.pyc	A70D0D0A	E3000000000000000000000000000000
283	17583	pylingual_bundle/bytecode_0283.marshal	pylingual_bundle/bytecode_0283.pyc	A70D0D0A	E3000000000000000000000000000000
284	16130	pylingual_bundle/bytecode_0284.marshal	pylingual_bundle/bytecode_0284.pyc	A70D0D0A	E3000000000000000000000000000000
285	624	pylingual_bundle/bytecode_0285.marshal	pylingual_bundle/bytecode_0285.pyc	A70D0D0A	E3000000000000000000000000000000
286	25615	pylingual_bundle/bytecode_0286.marshal	pylingual_bundle/bytecode_0286.pyc	A70D0D0A	E3000000000000000000000000000000
287	12789	pylingual_bundle/bytecode_0287.marshal	pylingual_bundle/bytecode_0287.pyc	A70D0D0A	E3000000000000000000000000000000
288	3823	pylingual_bundle/bytecode_0288.marshal	pylingual_bundle/bytecode_0288.pyc	A70D0D0A	E3000000000000000000000000000000
289	2532	pylingual_bundle/bytecode_0289.marshal	pylingual_bundle/bytecode_0289.pyc	A70D0D0A	E3000000000000000000000000000000
290	8390	pylingual_bundle/bytecode_0290.marshal	pylingual_bundle/bytecode_0290.pyc	A70D0D0A	E3000000000000000000000000000000
291	7632	pylingual_bundle/bytecode_0291.marshal	pylingual_bundle/bytecode_0291.pyc	A70D0D0A	E3000000000000000000000000000000
292	40726	pylingual_bundle/bytecode_0292.marshal	pylingual_bundle/bytecode_0292.pyc	A70D0D0A	E3000000000000000000000000000000
293	25166	pylingual_bundle/bytecode_0293.marshal	pylingual_bundle/bytecode_0293.pyc	A70D0D0A	E3000000000000000000000000000000
294	3413	pylingual_bundle/bytecode_0294.marshal	pylingual_bundle/bytecode_0294.pyc	A70D0D0A	E3000000000000000000000000000000
295	11226	pylingual_bundle/bytecode_0295.marshal	pylingual_bundle/bytecode_0295.pyc	A70D0D0A	E3000000000000000000000000000000
296	10249	pylingual_bundle/bytecode_0296.marshal	pylingual_bundle/bytecode_0296.pyc	A70D0D0A	E3000000000000000000000000000000
297	8261	pylingual_bundle/bytecode_0297.marshal	pylingual_bundle/bytecode_0297.pyc	A70D0D0A	E3000000000000000000000000000000
298	5265	pylingual_bundle/bytecode_0298.marshal	pylingual_bundle/bytecode_0298.pyc	A70D0D0A	E3000000000000000000000000000000
299	5486	pylingual_bundle/bytecode_0299.marshal	pylingual_bundle/bytecode_0299.pyc	A70D0D0A	E3000000000000000000000000000000
300	14399	pylingual_bundle/bytecode_0300.marshal	pylingual_bundle/bytecode_0300.pyc	A70D0D0A	E3000000000000000000000000000000
301	7064	pylingual_bundle/bytecode_0301.marshal	pylingual_bundle/bytecode_0301.pyc	A70D0D0A	E3000000000000000000000000000000
302	6375	pylingual_bundle/bytecode_0302.marshal	pylingual_bundle/bytecode_0302.pyc	A70D0D0A	E3000000000000000000000000000000
303	11291	pylingual_bundle/bytecode_0303.marshal	pylingual_bundle/bytecode_0303.pyc	A70D0D0A	E3000000000000000000000000000000
304	11461	pylingual_bundle/bytecode_0304.marshal	pylingual_bundle/bytecode_0304.pyc	A70D0D0A	E3000000000000000000000000000000
305	3897	pylingual_bundle/bytecode_0305.marshal	pylingual_bundle/bytecode_0305.pyc	A70D0D0A	E3000000000000000000000000000000
306	15252	pylingual_bundle/bytecode_0306.marshal	pylingual_bundle/bytecode_0306.pyc	A70D0D0A	E3000000000000000000000000000000
307	1711	pylingual_bundle/bytecode_0307.marshal	pylingual_bundle/bytecode_0307.pyc	A70D0D0A	E3000000000000000000000000000000
308	11830	pylingual_bundle/bytecode_0308.marshal	pylingual_bundle/bytecode_0308.pyc	A70D0D0A	E3000000000000000000000000000000
309	5411	pylingual_bundle/bytecode_0309.marshal	pylingual_bundle/bytecode_0309.pyc	A70D0D0A	E3000000000000000000000000000000
310	13472	pylingual_bundle/bytecode_0310.marshal	pylingual_bundle/bytecode_0310.pyc	A70D0D0A	E3000000000000000000000000000000
311	31563	pylingual_bundle/bytecode_0311.marshal	pylingual_bundle/bytecode_0311.pyc	A70D0D0A	E3000000000000000000000000000000
312	42016	pylingual_bundle/bytecode_0312.marshal	pylingual_bundle/bytecode_0312.pyc	A70D0D0A	E3000000000000000000000000000000
313	46846	pylingual_bundle/bytecode_0313.marshal	pylingual_bundle/bytecode_0313.pyc	A70D0D0A	E3000000000000000000000000000000
314	67724	pylingual_bundle/bytecode_0314.marshal	pylingual_bundle/bytecode_0314.pyc	A70D0D0A	E3000000000000000000000000000000
315	7733	pylingual_bundle/bytecode_0315.marshal	pylingual_bundle/bytecode_0315.pyc	A70D0D0A	E3000000000000000000000000000000
316	18325	pylingual_bundle/bytecode_0316.marshal	pylingual_bundle/bytecode_0316.pyc	A70D0D0A	E3000000000000000000000000000000
317	27150	pylingual_bundle/bytecode_0317.marshal	pylingual_bundle/bytecode_0317.pyc	A70D0D0A	E3000000000000000000000000000000
318	13537	pylingual_bundle/bytecode_0318.marshal	pylingual_bundle/bytecode_0318.pyc	A70D0D0A	E3000000000000000000000000000000
319	10477	pylingual_bundle/bytecode_0319.marshal	pylingual_bundle/bytecode_0319.pyc	A70D0D0A	E3000000000000000000000000000000
320	17839	pylingual_bundle/bytecode_0320.marshal	pylingual_bundle/bytecode_0320.pyc	A70D0D0A	E3000000000000000000000000000000
321	23585	pylingual_bundle/bytecode_0321.marshal	pylingual_bundle/bytecode_0321.pyc	A70D0D0A	E3000000000000000000000000000000
322	7281	pylingual_bundle/bytecode_0322.marshal	pylingual_bundle/bytecode_0322.pyc	A70D0D0A	E3000000000000000000000000000000
323	9739	pylingual_bundle/bytecode_0323.marshal	pylingual_bundle/bytecode_0323.pyc	A70D0D0A	E3000000000000000000000000000000
324	2519	pylingual_bundle/bytecode_0324.marshal	pylingual_bundle/bytecode_0324.pyc	A70D0D0A	E3000000000000000000000000000000
325	3700	pylingual_bundle/bytecode_0325.marshal	pylingual_bundle/bytecode_0325.pyc	A70D0D0A	E3000000000000000000000000000000
326	29457	pylingual_bundle/bytecode_0326.marshal	pylingual_bundle/bytecode_0326.pyc	A70D0D0A	E3000000000000000000000000000000
327	12867	pylingual_bundle/bytecode_0327.marshal	pylingual_bundle/bytecode_0327.pyc	A70D0D0A	E3000000000000000000000000000000
328	63280	pylingual_bundle/bytecode_0328.marshal	pylingual_bundle/bytecode_0328.pyc	A70D0D0A	E3000000000000000000000000000000
329	6505	pylingual_bundle/bytecode_0329.marshal	pylingual_bundle/bytecode_0329.pyc	A70D0D0A	E3000000000000000000000000000000
330	142	pylingual_bundle/bytecode_0330.marshal	pylingual_bundle/bytecode_0330.pyc	A70D0D0A	E3000000000000000000000000000000
331	21331	pylingual_bundle/bytecode_0331.marshal	pylingual_bundle/bytecode_0331.pyc	A70D0D0A	E3000000000000000000000000000000
332	52574	pylingual_bundle/bytecode_0332.marshal	pylingual_bundle/bytecode_0332.pyc	A70D0D0A	E3000000000000000000000000000000
333	4610	pylingual_bundle/bytecode_0333.marshal	pylingual_bundle/bytecode_0333.pyc	A70D0D0A	E3000000000000000000000000000000
334	179922	pylingual_bundle/bytecode_0334.marshal	pylingual_bundle/bytecode_0334.pyc	A70D0D0A	E3000000000000000000000000000000
335	84773	pylingual_bundle/bytecode_0335.marshal	pylingual_bundle/bytecode_0335.pyc	A70D0D0A	E3000000000000000000000000000000
336	10756	pylingual_bundle/bytecode_0336.marshal	pylingual_bundle/bytecode_0336.pyc	A70D0D0A	E3000000000000000000000000000000
337	5758	pylingual_bundle/bytecode_0337.marshal	pylingual_bundle/bytecode_0337.pyc	A70D0D0A	E3000000000000000000000000000000
338	22712	pylingual_bundle/bytecode_0338.marshal	pylingual_bundle/bytecode_0338.pyc	A70D0D0A	E3000000000000000000000000000000
339	14191	pylingual_bundle/bytecode_0339.marshal	pylingual_bundle/bytecode_0339.pyc	A70D0D0A	E3000000000000000000000000000000
340	5214	pylingual_bundle/bytecode_0340.marshal	pylingual_bundle/bytecode_0340.pyc	A70D0D0A	E3000000000000000000000000000000
341	5985	pylingual_bundle/bytecode_0341.marshal	pylingual_bundle/bytecode_0341.pyc	A70D0D0A	E3000000000000000000000000000000
342	7770	pylingual_bundle/bytecode_0342.marshal	pylingual_bundle/bytecode_0342.pyc	A70D0D0A	E3000000000000000000000000000000
343	359959	pylingual_bundle/bytecode_0343.marshal	pylingual_bundle/bytecode_0343.pyc	A70D0D0A	E3000000000000000000000000000000
344	1099	pylingual_bundle/bytecode_0344.marshal	pylingual_bundle/bytecode_0344.pyc	A70D0D0A	E3000000000000000000000000000000
345	2230	pylingual_bundle/bytecode_0345.marshal	pylingual_bundle/bytecode_0345.pyc	A70D0D0A	E3000000000000000000000000000000
346	376	pylingual_bundle/bytecode_0346.marshal	pylingual_bundle/bytecode_0346.pyc	A70D0D0A	E3000000000000000000000000000000
347	693	pylingual_bundle/bytecode_0347.marshal	pylingual_bundle/bytecode_0347.pyc	A70D0D0A	E3000000000000000000000000000000
348	8527	pylingual_bundle/bytecode_0348.marshal	pylingual_bundle/bytecode_0348.pyc	A70D0D0A	E3000000000000000000000000000000
349	2533	pylingual_bundle/bytecode_0349.marshal	pylingual_bundle/bytecode_0349.pyc	A70D0D0A	E3000000000000000000000000000000
350	1197	pylingual_bundle/bytecode_0350.marshal	pylingual_bundle/bytecode_0350.pyc	A70D0D0A	E3000000000000000000000000000000
351	3148	pylingual_bundle/bytecode_0351.marshal	pylingual_bundle/bytecode_0351.pyc	A70D0D0A	E3000000000000000000000000000000
352	5002	pylingual_bundle/bytecode_0352.marshal	pylingual_bundle/bytecode_0352.pyc	A70D0D0A	E3000000000000000000000000000000
353	545	pylingual_bundle/bytecode_0353.marshal	pylingual_bundle/bytecode_0353.pyc	A70D0D0A	E3000000000000000000000000000000
354	5050	pylingual_bundle/bytecode_0354.marshal	pylingual_bundle/bytecode_0354.pyc	A70D0D0A	E3000000000000000000000000000000
355	12176	pylingual_bundle/bytecode_0355.marshal	pylingual_bundle/bytecode_0355.pyc	A70D0D0A	E3000000000000000000000000000000
356	18836	pylingual_bundle/bytecode_0356.marshal	pylingual_bundle/bytecode_0356.pyc	A70D0D0A	E3000000000000000000000000000000
357	1670	pylingual_bundle/bytecode_0357.marshal	pylingual_bundle/bytecode_0357.pyc	A70D0D0A	E3000000000000000000000000000000
358	1924	pylingual_bundle/bytecode_0358.marshal	pylingual_bundle/bytecode_0358.pyc	A70D0D0A	E3000000000000000000000000000000
359	2378	pylingual_bundle/bytecode_0359.marshal	pylingual_bundle/bytecode_0359.pyc	A70D0D0A	E3000000000000000000000000000000
360	1207	pylingual_bundle/bytecode_0360.marshal	pylingual_bundle/bytecode_0360.pyc	A70D0D0A	E3000000000000000000000000000000
361	7903	pylingual_bundle/bytecode_0361.marshal	pylingual_bundle/bytecode_0361.pyc	A70D0D0A	E3000000000000000000000000000000
362	5900	pylingual_bundle/bytecode_0362.marshal	pylingual_bundle/bytecode_0362.pyc	A70D0D0A	E3000000000000000000000000000000
363	8260	pylingual_bundle/bytecode_0363.marshal	pylingual_bundle/bytecode_0363.pyc	A70D0D0A	E3000000000000000000000000000000
364	4179	pylingual_bundle/bytecode_0364.marshal	pylingual_bundle/bytecode_0364.pyc	A70D0D0A	E3000000000000000000000000000000
365	17621	pylingual_bundle/bytecode_0365.marshal	pylingual_bundle/bytecode_0365.pyc	A70D0D0A	E3000000000000000000000000000000
366	1342	pylingual_bundle/bytecode_0366.marshal	pylingual_bundle/bytecode_0366.pyc	A70D0D0A	E3000000000000000000000000000000
367	6102	pylingual_bundle/bytecode_0367.marshal	pylingual_bundle/bytecode_0367.pyc	A70D0D0A	E3000000000000000000000000000000
368	83384	pylingual_bundle/bytecode_0368.marshal	pylingual_bundle/bytecode_0368.pyc	A70D0D0A	E3000000000000000000000000000000
369	1659	pylingual_bundle/bytecode_0369.marshal	pylingual_bundle/bytecode_0369.pyc	A70D0D0A	E3000000000000000000000000000000
370	6396	pylingual_bundle/bytecode_0370.marshal	pylingual_bundle/bytecode_0370.pyc	A70D0D0A	E3000000000000000000000000000000
371	8040	pylingual_bundle/bytecode_0371.marshal	pylingual_bundle/bytecode_0371.pyc	A70D0D0A	E3000000000000000000000000000000
372	6166	pylingual_bundle/bytecode_0372.marshal	pylingual_bundle/bytecode_0372.pyc	A70D0D0A	E3000000000000000000000000000000
373	3136	pylingual_bundle/bytecode_0373.marshal	pylingual_bundle/bytecode_0373.pyc	A70D0D0A	E3000000000000000000000000000000
374	1432	pylingual_bundle/bytecode_0374.marshal	pylingual_bundle/bytecode_0374.pyc	A70D0D0A	E3000000000000000000000000000000
375	2305	pylingual_bundle/bytecode_0375.marshal	pylingual_bundle/bytecode_0375.pyc	A70D0D0A	E3000000000000000000000000000000
376	2523	pylingual_bundle/bytecode_0376.marshal	pylingual_bundle/bytecode_0376.pyc	A70D0D0A	E3000000000000000000000000000000
377	7966	pylingual_bundle/bytecode_0377.marshal	pylingual_bundle/bytecode_0377.pyc	A70D0D0A	E3000000000000000000000000000000
378	4624	pylingual_bundle/bytecode_0378.marshal	pylingual_bundle/bytecode_0378.pyc	A70D0D0A	E3000000000000000000000000000000
379	3892	pylingual_bundle/bytecode_0379.marshal	pylingual_bundle/bytecode_0379.pyc	A70D0D0A	E3000000000000000000000000000000
380	11253	pylingual_bundle/bytecode_0380.marshal	pylingual_bundle/bytecode_0380.pyc	A70D0D0A	E3000000000000000000000000000000
381	3295	pylingual_bundle/bytecode_0381.marshal	pylingual_bundle/bytecode_0381.pyc	A70D0D0A	E3000000000000000000000000000000
382	6037	pylingual_bundle/bytecode_0382.marshal	pylingual_bundle/bytecode_0382.pyc	A70D0D0A	E3000000000000000000000000000000
383	4981	pylingual_bundle/bytecode_0383.marshal	pylingual_bundle/bytecode_0383.pyc	A70D0D0A	E3000000000000000000000000000000
384	4318	pylingual_bundle/bytecode_0384.marshal	pylingual_bundle/bytecode_0384.pyc	A70D0D0A	E3000000000000000000000000000000
385	1381	pylingual_bundle/bytecode_0385.marshal	pylingual_bundle/bytecode_0385.pyc	A70D0D0A	E3000000000000000000000000000000
386	3541	pylingual_bundle/bytecode_0386.marshal	pylingual_bundle/bytecode_0386.pyc	A70D0D0A	E3000000000000000000000000000000
387	7854	pylingual_bundle/bytecode_0387.marshal	pylingual_bundle/bytecode_0387.pyc	A70D0D0A	E3000000000000000000000000000000
388	27080	pylingual_bundle/bytecode_0388.marshal	pylingual_bundle/bytecode_0388.pyc	A70D0D0A	E3000000000000000000000000000000
389	54432	pylingual_bundle/bytecode_0389.marshal	pylingual_bundle/bytecode_0389.pyc	A70D0D0A	E3000000000000000000000000000000
390	6816	pylingual_bundle/bytecode_0390.marshal	pylingual_bundle/bytecode_0390.pyc	A70D0D0A	E3000000000000000000000000000000
391	1245	pylingual_bundle/bytecode_0391.marshal	pylingual_bundle/bytecode_0391.pyc	A70D0D0A	E3000000000000000000000000000000
392	432	pylingual_bundle/bytecode_0392.marshal	pylingual_bundle/bytecode_0392.pyc	A70D0D0A	E3000000000000000000000000000000
393	3989	pylingual_bundle/bytecode_0393.marshal	pylingual_bundle/bytecode_0393.pyc	A70D0D0A	E3000000000000000000000000000000
394	3836	pylingual_bundle/bytecode_0394.marshal	pylingual_bundle/bytecode_0394.pyc	A70D0D0A	E3000000000000000000000000000000
395	2882	pylingual_bundle/bytecode_0395.marshal	pylingual_bundle/bytecode_0395.pyc	A70D0D0A	E3000000000000000000000000000000
396	1772	pylingual_bundle/bytecode_0396.marshal	pylingual_bundle/bytecode_0396.pyc	A70D0D0A	E3000000000000000000000000000000
397	21082	pylingual_bundle/bytecode_0397.marshal	pylingual_bundle/bytecode_0397.pyc	A70D0D0A	E3000000000000000000000000000000
398	4318	pylingual_bundle/bytecode_0398.marshal	pylingual_bundle/bytecode_0398.pyc	A70D0D0A	E3000000000000000000000000000000
399	4498	pylingual_bundle/bytecode_0399.marshal	pylingual_bundle/bytecode_0399.pyc	A70D0D0A	E3000000000000000000000000000000
400	21233	pylingual_bundle/bytecode_0400.marshal	pylingual_bundle/bytecode_0400.pyc	A70D0D0A	E3000000000000000000000000000000
401	1644	pylingual_bundle/bytecode_0401.marshal	pylingual_bundle/bytecode_0401.pyc	A70D0D0A	E3000000000000000000000000000000
402	25963	pylingual_bundle/bytecode_0402.marshal	pylingual_bundle/bytecode_0402.pyc	A70D0D0A	E3000000000000000000000000000000
403	30055	pylingual_bundle/bytecode_0403.marshal	pylingual_bundle/bytecode_0403.pyc	A70D0D0A	E3000000000000000000000000000000
404	2921	pylingual_bundle/bytecode_0404.marshal	pylingual_bundle/bytecode_0404.pyc	A70D0D0A	E3000000000000000000000000000000
405	41672	pylingual_bundle/bytecode_0405.marshal	pylingual_bundle/bytecode_0405.pyc	A70D0D0A	E3000000000000000000000000000000
406	4737	pylingual_bundle/bytecode_0406.marshal	pylingual_bundle/bytecode_0406.pyc	A70D0D0A	E3000000000000000000000000000000
407	198	pylingual_bundle/bytecode_0407.marshal	pylingual_bundle/bytecode_0407.pyc	A70D0D0A	E3000000000000000000000000000000
408	22510	pylingual_bundle/bytecode_0408.marshal	pylingual_bundle/bytecode_0408.pyc	A70D0D0A	E3000000000000000000000000000000
409	5918	pylingual_bundle/bytecode_0409.marshal	pylingual_bundle/bytecode_0409.pyc	A70D0D0A	E3000000000000000000000000000000
410	9375	pylingual_bundle/bytecode_0410.marshal	pylingual_bundle/bytecode_0410.pyc	A70D0D0A	E3000000000000000000000000000000
411	6079	pylingual_bundle/bytecode_0411.marshal	pylingual_bundle/bytecode_0411.pyc	A70D0D0A	E3000000000000000000000000000000
412	2139	pylingual_bundle/bytecode_0412.marshal	pylingual_bundle/bytecode_0412.pyc	A70D0D0A	E3000000000000000000000000000000
413	17069	pylingual_bundle/bytecode_0413.marshal	pylingual_bundle/bytecode_0413.pyc	A70D0D0A	E3000000000000000000000000000000
414	7746	pylingual_bundle/bytecode_0414.marshal	pylingual_bundle/bytecode_0414.pyc	A70D0D0A	E3000000000000000000000000000000
415	38330	pylingual_bundle/bytecode_0415.marshal	pylingual_bundle/bytecode_0415.pyc	A70D0D0A	E3000000000000000000000000000000
416	2899	pylingual_bundle/bytecode_0416.marshal	pylingual_bundle/bytecode_0416.pyc	A70D0D0A	E3000000000000000000000000000000
417	6926	pylingual_bundle/bytecode_0417.marshal	pylingual_bundle/bytecode_0417.pyc	A70D0D0A	E3000000000000000000000000000000
418	28915	pylingual_bundle/bytecode_0418.marshal	pylingual_bundle/bytecode_0418.pyc	A70D0D0A	E3000000000000000000000000000000
419	25311	pylingual_bundle/bytecode_0419.marshal	pylingual_bundle/bytecode_0419.pyc	A70D0D0A	E3000000000000000000000000000000
420	15158	pylingual_bundle/bytecode_0420.marshal	pylingual_bundle/bytecode_0420.pyc	A70D0D0A	E3000000000000000000000000000000
421	6321	pylingual_bundle/bytecode_0421.marshal	pylingual_bundle/bytecode_0421.pyc	A70D0D0A	E3000000000000000000000000000000
422	21719	pylingual_bundle/bytecode_0422.marshal	pylingual_bundle/bytecode_0422.pyc	A70D0D0A	E3000000000000000000000000000000
423	44784	pylingual_bundle/bytecode_0423.marshal	pylingual_bundle/bytecode_0423.pyc	A70D0D0A	E3000000000000000000000000000000
424	4237	pylingual_bundle/bytecode_0424.marshal	pylingual_bundle/bytecode_0424.pyc	A70D0D0A	E3000000000000000000000000000000
425	36728	pylingual_bundle/bytecode_0425.marshal	pylingual_bundle/bytecode_0425.pyc	A70D0D0A	E3000000000000000000000000000000
426	7066	pylingual_bundle/bytecode_0426.marshal	pylingual_bundle/bytecode_0426.pyc	A70D0D0A	E3000000000000000000000000000000
427	17039	pylingual_bundle/bytecode_0427.marshal	pylingual_bundle/bytecode_0427.pyc	A70D0D0A	E3000000000000000000000000000000
428	271	pylingual_bundle/bytecode_0428.marshal	pylingual_bundle/bytecode_0428.pyc	A70D0D0A	E3000000000000000000000000000000
429	44471	pylingual_bundle/bytecode_0429.marshal	pylingual_bundle/bytecode_0429.pyc	A70D0D0A	E3000000000000000000000000000000
430	12799	pylingual_bundle/bytecode_0430.marshal	pylingual_bundle/bytecode_0430.pyc	A70D0D0A	E3000000000000000000000000000000
431	17433	pylingual_bundle/bytecode_0431.marshal	pylingual_bundle/bytecode_0431.pyc	A70D0D0A	E3000000000000000000000000000000
432	63656	pylingual_bundle/bytecode_0432.marshal	pylingual_bundle/bytecode_0432.pyc	A70D0D0A	E3000000000000000000000000000000
433	24028	pylingual_bundle/bytecode_0433.marshal	pylingual_bundle/bytecode_0433.pyc	A70D0D0A	E3000000000000000000000000000000
434	13776	pylingual_bundle/bytecode_0434.marshal	pylingual_bundle/bytecode_0434.pyc	A70D0D0A	E3000000000000000000000000000000
435	44933	pylingual_bundle/bytecode_0435.marshal	pylingual_bundle/bytecode_0435.pyc	A70D0D0A	E3000000000000000000000000000000
436	11733	pylingual_bundle/bytecode_0436.marshal	pylingual_bundle/bytecode_0436.pyc	A70D0D0A	E3000000000000000000000000000000
437	2702	pylingual_bundle/bytecode_0437.marshal	pylingual_bundle/bytecode_0437.pyc	A70D0D0A	E3000000000000000000000000000000
438	17158	pylingual_bundle/bytecode_0438.marshal	pylingual_bundle/bytecode_0438.pyc	A70D0D0A	E3000000000000000000000000000000
439	19805	pylingual_bundle/bytecode_0439.marshal	pylingual_bundle/bytecode_0439.pyc	A70D0D0A	E3000000000000000000000000000000
440	21672	pylingual_bundle/bytecode_0440.marshal	pylingual_bundle/bytecode_0440.pyc	A70D0D0A	E3000000000000000000000000000000
441	17489	pylingual_bundle/bytecode_0441.marshal	pylingual_bundle/bytecode_0441.pyc	A70D0D0A	E3000000000000000000000000000000
442	1043	pylingual_bundle/bytecode_0442.marshal	pylingual_bundle/bytecode_0442.pyc	A70D0D0A	E3000000000000000000000000000000
443	9489	pylingual_bundle/bytecode_0443.marshal	pylingual_bundle/bytecode_0443.pyc	A70D0D0A	E3000000000000000000000000000000
444	85241	pylingual_bundle/bytecode_0444.marshal	pylingual_bundle/bytecode_0444.pyc	A70D0D0A	E3000000000000000000000000000000
445	3350	pylingual_bundle/bytecode_0445.marshal	pylingual_bundle/bytecode_0445.pyc	A70D0D0A	E3000000000000000000000000000000
446	2652	pylingual_bundle/bytecode_0446.marshal	pylingual_bundle/bytecode_0446.pyc	A70D0D0A	E3000000000000000000000000000000
447	4710	pylingual_bundle/bytecode_0447.marshal	pylingual_bundle/bytecode_0447.pyc	A70D0D0A	E3000000000000000000000000000000
448	48265	pylingual_bundle/bytecode_0448.marshal	pylingual_bundle/bytecode_0448.pyc	A70D0D0A	E3000000000000000000000000000000
449	14388	pylingual_bundle/bytecode_0449.marshal	pylingual_bundle/bytecode_0449.pyc	A70D0D0A	E3000000000000000000000000000000
450	7520	pylingual_bundle/bytecode_0450.marshal	pylingual_bundle/bytecode_0450.pyc	A70D0D0A	E3000000000000000000000000000000
451	7948	pylingual_bundle/bytecode_0451.marshal	pylingual_bundle/bytecode_0451.pyc	A70D0D0A	E3000000000000000000000000000000
452	6916	pylingual_bundle/bytecode_0452.marshal	pylingual_bundle/bytecode_0452.pyc	A70D0D0A	E3000000000000000000000000000000
453	2217	pylingual_bundle/bytecode_0453.marshal	pylingual_bundle/bytecode_0453.pyc	A70D0D0A	E3000000000000000000000000000000
454	10232	pylingual_bundle/bytecode_0454.marshal	pylingual_bundle/bytecode_0454.pyc	A70D0D0A	E3000000000000000000000000000000
455	4504	pylingual_bundle/bytecode_0455.marshal	pylingual_bundle/bytecode_0455.pyc	A70D0D0A	E3000000000000000000000000000000
456	86	pylingual_bundle/bytecode_0456.marshal	pylingual_bundle/bytecode_0456.pyc	A70D0D0A	E3000000000000000000000000000000
457	2785	pylingual_bundle/bytecode_0457.marshal	pylingual_bundle/bytecode_0457.pyc	A70D0D0A	E3000000000000000000000000000000
458	33760	pylingual_bundle/bytecode_0458.marshal	pylingual_bundle/bytecode_0458.pyc	A70D0D0A	E3000000000000000000000000000000
459	71302	pylingual_bundle/bytecode_0459.marshal	pylingual_bundle/bytecode_0459.pyc	A70D0D0A	E3000000000000000000000000000000
460	3431	pylingual_bundle/bytecode_0460.marshal	pylingual_bundle/bytecode_0460.pyc	A70D0D0A	E3000000000000000000000000000000
461	3652	pylingual_bundle/bytecode_0461.marshal	pylingual_bundle/bytecode_0461.pyc	A70D0D0A	E3000000000000000000000000000000
462	22431	pylingual_bundle/bytecode_0462.marshal	pylingual_bundle/bytecode_0462.pyc	A70D0D0A	E3000000000000000000000000000000
463	13610	pylingual_bundle/bytecode_0463.marshal	pylingual_bundle/bytecode_0463.pyc	A70D0D0A	E3000000000000000000000000000000
464	20307	pylingual_bundle/bytecode_0464.marshal	pylingual_bundle/bytecode_0464.pyc	A70D0D0A	E3000000000000000000000000000000
465	16964	pylingual_bundle/bytecode_0465.marshal	pylingual_bundle/bytecode_0465.pyc	A70D0D0A	E3000000000000000000000000000000
466	7844	pylingual_bundle/bytecode_0466.marshal	pylingual_bundle/bytecode_0466.pyc	A70D0D0A	E3000000000000000000000000000000
467	648	pylingual_bundle/bytecode_0467.marshal	pylingual_bundle/bytecode_0467.pyc	A70D0D0A	E3000000000000000000000000000000
468	263	pylingual_bundle/bytecode_0468.marshal	pylingual_bundle/bytecode_0468.pyc	A70D0D0A	E3000000000000000000000000000000
469	301	pylingual_bundle/bytecode_0469.marshal	pylingual_bundle/bytecode_0469.pyc	A70D0D0A	E3000000000000000000000000000000
470	86	pylingual_bundle/bytecode_0470.marshal	pylingual_bundle/bytecode_0470.pyc	A70D0D0A	E3000000000000000000000000000000
471	34352	pylingual_bundle/bytecode_0471.marshal	pylingual_bundle/bytecode_0471.pyc	A70D0D0A	E3000000000000000000000000000000
472	60525	pylingual_bundle/bytecode_0472.marshal	pylingual_bundle/bytecode_0472.pyc	A70D0D0A	E3000000000000000000000000000000
473	765	pylingual_bundle/bytecode_0473.marshal	pylingual_bundle/bytecode_0473.pyc	A70D0D0A	E3000000000000000000000000000000
474	3077	pylingual_bundle/bytecode_0474.marshal	pylingual_bundle/bytecode_0474.pyc	A70D0D0A	E3000000000000000000000000000000
475	4038	pylingual_bundle/bytecode_0475.marshal	pylingual_bundle/bytecode_0475.pyc	A70D0D0A	E3000000000000000000000000000000
476	15400	pylingual_bundle/bytecode_0476.marshal	pylingual_bundle/bytecode_0476.pyc	A70D0D0A	E3000000000000000000000000000000
